{"stats":{"minecraft:broken":{"minecraft:iron_shovel":2,"minecraft:golden_boots":3,"minecraft:iron_leggings":1,"minecraft:diamond_pickaxe":1,"minecraft:stone_sword":1,"minecraft:shield":1,"minecraft:iron_helmet":1},"minecraft:dropped":{"minecraft:iron_sword":1,"minecraft:warped_fungus":3,"minecraft:cooked_beef":1,"minecraft:warped_roots":4,"minecraft:iron_horse_armor":1,"minecraft:saddle":4,"minecraft:dirt":1,"minecraft:iron_pickaxe":1,"minecraft:acacia_door":2,"minecraft:gold_ingot":12,"minecraft:gravel":15,"minecraft:blackstone":22,"minecraft:twisting_vines":1,"minecraft:wheat":1,"minecraft:obsidian":1,"minecraft:rotten_flesh":44,"minecraft:carrot":402,"minecraft:poppy":1,"minecraft:leather_chestplate":2,"minecraft:leather_leggings":3,"minecraft:iron_ore":1,"minecraft:warped_wart_block":2,"minecraft:crying_obsidian":3,"minecraft:quartz":4,"minecraft:acacia_fence":1,"minecraft:netherrack":67,"minecraft:iron_ingot":1,"minecraft:wheat_seeds":18,"minecraft:poisonous_potato":4,"minecraft:cobblestone":58,"minecraft:oak_fence":8,"minecraft:feather":2,"minecraft:granite":26,"minecraft:stick":6,"minecraft:diorite":27,"minecraft:wooden_axe":2,"minecraft:string":1,"minecraft:anvil":1,"minecraft:bowl":1,"minecraft:nether_bricks":3,"minecraft:flint_and_steel":1,"minecraft:andesite":88,"minecraft:stone_pressure_plate":1,"minecraft:spider_eye":4,"minecraft:birch_boat":1,"minecraft:stone_pickaxe":2,"minecraft:wooden_pickaxe":2},"minecraft:picked_up":{"minecraft:wooden_axe":1,"minecraft:iron_chestplate":1,"minecraft:wheat":107,"minecraft:anvil":3,"minecraft:diamond_sword":1,"minecraft:lead":1,"minecraft:acacia_pressure_plate":2,"minecraft:enchanted_book":1,"minecraft:stone_brick_stairs":3,"minecraft:brewing_stand":1,"minecraft:string":72,"minecraft:cooked_salmon":2,"minecraft:iron_leggings":2,"minecraft:gold_nugget":317,"minecraft:bucket":1,"minecraft:iron_pickaxe":1,"minecraft:melon_slice":44,"minecraft:furnace":6,"minecraft:stick":9,"minecraft:acacia_fence":4,"minecraft:composter":9,"minecraft:oak_fence":8,"minecraft:torch":1,"minecraft:acacia_log":56,"minecraft:porkchop":10,"minecraft:diorite":51,"minecraft:stone_sword":1,"minecraft:rotten_flesh":135,"minecraft:bookshelf":1,"minecraft:blaze_rod":13,"minecraft:obsidian":17,"minecraft:cod":3,"minecraft:cobblestone":1664,"minecraft:enchanting_table":6,"minecraft:leather_chestplate":1,"minecraft:cooked_beef":5,"minecraft:feather":7,"minecraft:magma_cream":4,"minecraft:water_bucket":2,"minecraft:andesite":148,"minecraft:smoker":1,"minecraft:potato":1,"minecraft:flint":6,"minecraft:acacia_boat":35,"minecraft:lapis_lazuli":99,"minecraft:dirt":759,"minecraft:twisting_vines":31,"minecraft:bone":52,"minecraft:chipped_anvil":2,"minecraft:acacia_planks":30,"minecraft:bow":4,"minecraft:wheat_seeds":351,"minecraft:bell":2,"minecraft:grindstone":1,"minecraft:glowstone_dust":43,"minecraft:oak_planks":21,"minecraft:ghast_tear":1,"minecraft:cooked_porkchop":14,"minecraft:warped_wart_block":2,"minecraft:oak_pressure_plate":1,"minecraft:sand":30,"minecraft:acacia_stairs":1,"minecraft:grass_block":1,"minecraft:spectral_arrow":12,"minecraft:stripped_acacia_log":6,"minecraft:diamond":13,"minecraft:granite":64,"minecraft:bone_meal":2,"minecraft:golden_apple":1,"minecraft:oak_sapling":14,"minecraft:netherrack":1062,"minecraft:diamond_pickaxe":1,"minecraft:fishing_rod":1,"minecraft:crafting_table":6,"minecraft:chicken":6,"minecraft:nether_wart":10,"minecraft:leather_leggings":2,"minecraft:wooden_pickaxe":1,"minecraft:shield":4,"minecraft:oak_trapdoor":1,"minecraft:iron_axe":2,"minecraft:acacia_door":2,"minecraft:flint_and_steel":2,"minecraft:white_carpet":1,"minecraft:compass":1,"minecraft:iron_shovel":1,"minecraft:blackstone":22,"minecraft:cartography_table":1,"minecraft:beef":21,"minecraft:oak_boat":9,"minecraft:light_gray_wool":1,"minecraft:poppy":2,"minecraft:lectern":20,"minecraft:chest":5,"minecraft:sugar_cane":351,"minecraft:egg":3,"minecraft:sandstone":8,"minecraft:note_block":1,"minecraft:carrot":486,"minecraft:redstone":79,"minecraft:stone_pressure_plate":1,"minecraft:tnt":33,"minecraft:arrow":47,"minecraft:nether_bricks":3,"minecraft:shears":1,"minecraft:hay_block":18,"minecraft:saddle":2,"minecraft:gold_ingot":5,"minecraft:mutton":52,"minecraft:white_wool":60,"minecraft:bone_block":97,"minecraft:salmon":19,"minecraft:cut_sandstone":12,"minecraft:leather":21,"minecraft:red_mushroom":6,"minecraft:filled_map":2,"minecraft:birch_planks":2,"minecraft:oak_log":26,"minecraft:golden_boots":1,"minecraft:gunpowder":37,"minecraft:cobblestone_wall":1,"minecraft:paper":13,"minecraft:orange_terracotta":3,"minecraft:cooked_mutton":25,"minecraft:kelp":133,"minecraft:acacia_trapdoor":1,"minecraft:cobweb":34,"minecraft:iron_ingot":14,"minecraft:stone_pickaxe":1,"minecraft:cooked_chicken":3,"minecraft:iron_ore":131,"minecraft:soul_sand":22,"minecraft:acacia_sapling":7,"minecraft:book":7,"minecraft:warped_fungus":5,"minecraft:birch_boat":9,"minecraft:quartz":65,"minecraft:gravel":32,"minecraft:lava_bucket":1,"minecraft:white_bed":2,"minecraft:gold_ore":15,"minecraft:crying_obsidian":3,"minecraft:spider_eye":8,"minecraft:iron_helmet":2,"minecraft:gray_wool":3,"minecraft:oak_button":3,"minecraft:warped_roots":20,"minecraft:black_wool":3,"minecraft:baked_potato":1,"minecraft:acacia_slab":21,"minecraft:melon_seeds":11,"minecraft:warped_nylium":8,"minecraft:coal":85,"minecraft:hopper":1,"minecraft:ender_pearl":16},"minecraft:killed_by":{"minecraft:cave_spider":1,"minecraft:zombie":1},"minecraft:used":{"minecraft:iron_shovel":544,"minecraft:poppy":1,"minecraft:chest":12,"minecraft:shield":154,"minecraft:nether_wart":9,"minecraft:iron_sword":96,"minecraft:zombie_spawn_egg":1,"minecraft:bell":1,"minecraft:rotten_flesh":51,"minecraft:soul_sand":6,"minecraft:carrot":68,"minecraft:acacia_sapling":4,"minecraft:acacia_button":1,"minecraft:obsidian":10,"minecraft:lava_bucket":10,"minecraft:villager_spawn_egg":4,"minecraft:bow":36,"minecraft:warped_fungus":1,"minecraft:oak_sapling":5,"minecraft:furnace":9,"minecraft:acacia_fence":2,"minecraft:egg":1,"minecraft:potato":1,"minecraft:diorite":16,"minecraft:stripped_acacia_log":5,"minecraft:acacia_trapdoor":1,"minecraft:stone_pickaxe":70,"minecraft:wooden_pickaxe":7,"minecraft:sandstone":5,"minecraft:composter":10,"minecraft:sugar_cane":68,"minecraft:white_wool":3,"minecraft:golden_apple":1,"minecraft:sand":1,"minecraft:note_block":2,"minecraft:shears":23,"minecraft:acacia_door":1,"minecraft:melon_slice":44,"minecraft:string":2,"minecraft:bread":16,"minecraft:lectern":21,"minecraft:oak_pressure_plate":3,"minecraft:gravel":4,"minecraft:diamond_sword":616,"minecraft:grindstone":1,"minecraft:andesite":47,"minecraft:oak_boat":8,"minecraft:bone_meal":293,"minecraft:oak_trapdoor":7,"minecraft:enchanting_table":7,"minecraft:stone_sword":133,"minecraft:acacia_log":1,"minecraft:flint_and_steel":32,"minecraft:cooked_salmon":15,"minecraft:cooked_chicken":7,"minecraft:netherrack":510,"minecraft:torch":1,"minecraft:brewing_stand":2,"minecraft:dirt":221,"minecraft:anvil":3,"minecraft:hopper":2,"minecraft:twisting_vines":30,"minecraft:granite":27,"minecraft:wooden_axe":21,"minecraft:chipped_anvil":2,"minecraft:bookshelf":5,"minecraft:light_weighted_pressure_plate":1,"minecraft:iron_axe":296,"minecraft:acacia_slab":27,"minecraft:melon_seeds":3,"minecraft:light_gray_wool":1,"minecraft:glowstone":7,"minecraft:iron_trapdoor":1,"minecraft:cooked_beef":22,"minecraft:acacia_planks":9,"minecraft:orange_terracotta":3,"minecraft:wheat_seeds":106,"minecraft:cooked_mutton":68,"minecraft:acacia_boat":35,"minecraft:water_bucket":79,"minecraft:birch_planks":2,"minecraft:glass_bottle":6,"minecraft:baked_potato":1,"minecraft:birch_boat":7,"minecraft:tnt":17,"minecraft:crafting_table":13,"minecraft:white_bed":7,"minecraft:piston":2,"minecraft:acacia_stairs":1,"minecraft:black_wool":2,"minecraft:diamond_pickaxe":3259,"minecraft:diamond_shovel":17,"minecraft:acacia_sign":3,"minecraft:oak_button":5,"minecraft:iron_pickaxe":202,"minecraft:suspicious_stew":1,"minecraft:fishing_rod":824,"minecraft:cobblestone":415,"minecraft:acacia_pressure_plate":2,"minecraft:cooked_porkchop":8,"minecraft:bucket":92,"minecraft:kelp":52,"minecraft:gray_wool":1,"minecraft:splash_potion":1},"minecraft:custom":{"minecraft:interact_with_crafting_table":132,"minecraft:bell_ring":59,"minecraft:leave_game":8,"minecraft:time_since_death":10970,"minecraft:sprint_one_cm":1252365,"minecraft:damage_blocked_by_shield":5195,"minecraft:drop":113,"minecraft:play_noteblock":4,"minecraft:talked_to_villager":75,"minecraft:deaths":2,"minecraft:jump":9795,"minecraft:interact_with_brewingstand":15,"minecraft:walk_on_water_one_cm":73151,"minecraft:enchant_item":38,"minecraft:interact_with_furnace":151,"minecraft:traded_with_villager":12,"minecraft:play_one_minute":569158,"minecraft:sleep_in_bed":19,"minecraft:damage_dealt":49846,"minecraft:crouch_one_cm":67685,"minecraft:mob_kills":315,"minecraft:interact_with_anvil":10,"minecraft:climb_one_cm":6885,"minecraft:walk_one_cm":895042,"minecraft:sneak_time":22867,"minecraft:walk_under_water_one_cm":133965,"minecraft:boat_one_cm":123369,"minecraft:tune_noteblock":9581,"minecraft:interact_with_grindstone":14,"minecraft:time_since_rest":10999,"minecraft:damage_taken":10088,"minecraft:damage_absorbed":41,"minecraft:swim_one_cm":110491,"minecraft:fly_one_cm":2033688,"minecraft:open_chest":277,"minecraft:fish_caught":56,"minecraft:fall_one_cm":227266},"minecraft:mined":{"minecraft:attached_melon_stem":1,"minecraft:white_bed":2,"minecraft:farmland":1,"minecraft:brewing_stand":1,"minecraft:obsidian":14,"minecraft:granite":67,"minecraft:acacia_log":52,"minecraft:grass_block":243,"minecraft:oak_pressure_plate":1,"minecraft:composter":8,"minecraft:hopper":1,"minecraft:acacia_pressure_plate":2,"minecraft:nether_wart":4,"minecraft:spawner":2,"minecraft:tall_seagrass":2,"minecraft:glowstone":18,"minecraft:iron_ore":130,"minecraft:fire":59,"minecraft:anvil":2,"minecraft:enchanting_table":6,"minecraft:twisting_vines":12,"minecraft:cut_sandstone":9,"minecraft:kelp_plant":10,"minecraft:twisting_vines_plant":10,"minecraft:melon_stem":1,"minecraft:smoker":1,"minecraft:orange_terracotta":3,"minecraft:note_block":1,"minecraft:melon":9,"minecraft:chest":3,"minecraft:nether_quartz_ore":64,"minecraft:cobblestone":55,"minecraft:grindstone":1,"minecraft:sugar_cane":198,"minecraft:wall_torch":3,"minecraft:seagrass":2,"minecraft:warped_nylium":55,"minecraft:wheat":140,"minecraft:lilac":1,"minecraft:tnt":24,"minecraft:warped_fungus":1,"minecraft:grass":153,"minecraft:oak_log":26,"minecraft:acacia_fence":4,"minecraft:sand":13,"minecraft:dirt":310,"minecraft:netherrack":1276,"minecraft:oak_leaves":261,"minecraft:nether_gold_ore":82,"minecraft:diamond_ore":13,"minecraft:nether_bricks":3,"minecraft:acacia_slab":19,"minecraft:cartography_table":1,"minecraft:red_mushroom":8,"minecraft:kelp":2,"minecraft:sandstone":2,"minecraft:hay_block":18,"minecraft:redstone_ore":17,"minecraft:oak_trapdoor":1,"minecraft:furnace":5,"minecraft:carrots":66,"minecraft:acacia_trapdoor":1,"minecraft:nether_sprouts":2,"minecraft:acacia_stairs":1,"minecraft:andesite":89,"minecraft:bell":1,"minecraft:bookshelf":2,"minecraft:stripped_acacia_log":6,"minecraft:stone":1378,"minecraft:bone_block":83,"minecraft:white_wool":1,"minecraft:acacia_leaves":11,"minecraft:glass_pane":1,"minecraft:soul_sand":15,"minecraft:basalt":2,"minecraft:crafting_table":5,"minecraft:warped_roots":3,"minecraft:lectern":20,"minecraft:tall_grass":24,"minecraft:lapis_ore":13,"minecraft:diorite":52,"minecraft:warped_wart_block":2,"minecraft:cobblestone_wall":1,"minecraft:white_carpet":1,"minecraft:grass_path":2,"minecraft:coal_ore":54,"minecraft:gravel":15,"minecraft:acacia_door":3,"minecraft:cobweb":23,"minecraft:acacia_planks":3,"minecraft:chipped_anvil":2,"minecraft:gold_ore":15},"minecraft:killed":{"minecraft:cave_spider":6,"minecraft:witch":1,"minecraft:spider":19,"minecraft:skeleton":36,"minecraft:chicken":7,"minecraft:magma_cube":33,"minecraft:pig":7,"minecraft:salmon":17,"minecraft:iron_golem":1,"minecraft:creeper":9,"minecraft:sheep":42,"minecraft:trader_llama":2,"minecraft:zombie":52,"minecraft:ghast":5,"minecraft:blaze":27,"minecraft:cow":14,"minecraft:drowned":2,"minecraft:wither_skeleton":1,"minecraft:enderman":32},"minecraft:crafted":{"minecraft:oak_planks":104,"minecraft:acacia_pressure_plate":1,"minecraft:oak_pressure_plate":2,"minecraft:blaze_powder":14,"minecraft:cooked_chicken":6,"minecraft:stone":3,"minecraft:diamond_shovel":1,"minecraft:bookshelf":7,"minecraft:cooked_mutton":52,"minecraft:hopper":1,"minecraft:glass":7,"minecraft:quartz_block":11,"minecraft:chest":12,"minecraft:oak_button":2,"minecraft:ender_eye":12,"minecraft:golden_boots":3,"minecraft:glass_bottle":6,"minecraft:emerald":10,"minecraft:cooked_porkchop":8,"minecraft:crafting_table":10,"minecraft:acacia_slab":36,"minecraft:wooden_pickaxe":1,"minecraft:iron_helmet":2,"minecraft:acacia_button":1,"minecraft:brewing_stand":1,"minecraft:apple":4,"minecraft:lectern":1,"minecraft:iron_chestplate":3,"minecraft:book":18,"minecraft:paper":84,"minecraft:diamond_pickaxe":3,"minecraft:shield":2,"minecraft:light_weighted_pressure_plate":1,"minecraft:stick":44,"minecraft:iron_ingot":139,"minecraft:iron_pickaxe":1,"minecraft:iron_block":4,"minecraft:stone_sword":1,"minecraft:gold_ingot":41,"minecraft:composter":2,"minecraft:shears":1,"minecraft:fishing_rod":4,"minecraft:furnace":3,"minecraft:piston":2,"minecraft:bone_meal":634,"minecraft:oak_trapdoor":6,"minecraft:flint_and_steel":1,"minecraft:iron_axe":2,"minecraft:stone_pickaxe":1,"minecraft:wheat":162,"minecraft:cooked_beef":21,"minecraft:sugar":1,"minecraft:diamond_sword":1,"minecraft:iron_trapdoor":1,"minecraft:enchanting_table":1,"minecraft:iron_sword":1,"minecraft:acacia_trapdoor":2,"minecraft:cooked_salmon":17,"minecraft:bucket":2,"minecraft:glowstone":9,"minecraft:acacia_boat":2,"minecraft:bread":16,"minecraft:air":0,"minecraft:oak_boat":2,"minecraft:golden_apple":2,"minecraft:acacia_sign":3,"minecraft:fermented_spider_eye":1,"minecraft:wooden_axe":1,"minecraft:iron_shovel":3,"minecraft:iron_leggings":2,"minecraft:anvil":1,"minecraft:white_bed":5,"minecraft:note_block":1,"minecraft:acacia_planks":224}},"DataVersion":2586}