{"stats":{"minecraft:broken":{"minecraft:iron_shovel":2,"minecraft:golden_boots":3,"minecraft:iron_leggings":1,"minecraft:diamond_pickaxe":1,"minecraft:stone_sword":1,"minecraft:shield":1,"minecraft:iron_helmet":2},"minecraft:dropped":{"minecraft:iron_sword":1,"minecraft:warped_fungus":3,"minecraft:cooked_beef":1,"minecraft:warped_roots":4,"minecraft:iron_horse_armor":1,"minecraft:saddle":4,"minecraft:emerald":6,"minecraft:dirt":14,"minecraft:iron_pickaxe":1,"minecraft:acacia_door":2,"minecraft:gold_ingot":23,"minecraft:gravel":15,"minecraft:blackstone":34,"minecraft:twisting_vines":1,"minecraft:wheat":1,"minecraft:obsidian":1,"minecraft:rotten_flesh":44,"minecraft:carrot":881,"minecraft:poppy":1,"minecraft:leather_chestplate":2,"minecraft:leather_leggings":3,"minecraft:iron_ore":1,"minecraft:warped_wart_block":2,"minecraft:crying_obsidian":3,"minecraft:quartz":6,"minecraft:acacia_fence":1,"minecraft:acacia_pressure_plate":1,"minecraft:netherrack":67,"minecraft:iron_ingot":1,"minecraft:wheat_seeds":18,"minecraft:poisonous_potato":4,"minecraft:cobblestone":58,"minecraft:oak_fence":8,"minecraft:feather":2,"minecraft:granite":26,"minecraft:stick":6,"minecraft:diorite":27,"minecraft:wooden_axe":2,"minecraft:string":2,"minecraft:anvil":1,"minecraft:bowl":2,"minecraft:nether_bricks":3,"minecraft:flint_and_steel":1,"minecraft:cobblestone_slab":1,"minecraft:stone":3,"minecraft:andesite":88,"minecraft:stone_pressure_plate":1,"minecraft:spider_eye":4,"minecraft:birch_boat":1,"minecraft:stone_pickaxe":2,"minecraft:wooden_pickaxe":2},"minecraft:picked_up":{"minecraft:wooden_axe":1,"minecraft:iron_chestplate":1,"minecraft:wheat":126,"minecraft:anvil":3,"minecraft:stone_slab":11,"minecraft:lead":1,"minecraft:diamond_sword":2,"minecraft:acacia_pressure_plate":4,"minecraft:enchanted_book":3,"minecraft:stone_brick_stairs":3,"minecraft:brewing_stand":1,"minecraft:golden_sword":2,"minecraft:string":81,"minecraft:cooked_salmon":2,"minecraft:iron_leggings":3,"minecraft:sticky_piston":5,"minecraft:pufferfish":6,"minecraft:gold_nugget":318,"minecraft:bucket":1,"minecraft:cobblestone_slab":39,"minecraft:iron_pickaxe":1,"minecraft:melon_slice":70,"minecraft:furnace":6,"minecraft:diamond_ore":19,"minecraft:stick":9,"minecraft:acacia_fence":11,"minecraft:composter":10,"minecraft:oak_fence":8,"minecraft:torch":4,"minecraft:acacia_log":64,"minecraft:porkchop":10,"minecraft:diorite":51,"minecraft:stone_sword":1,"minecraft:nether_gold_ore":44,"minecraft:rotten_flesh":165,"minecraft:tropical_fish":1,"minecraft:bookshelf":2,"minecraft:blaze_rod":13,"minecraft:obsidian":17,"minecraft:cod":12,"minecraft:cobblestone":1885,"minecraft:enchanting_table":8,"minecraft:leather_chestplate":1,"minecraft:feather":7,"minecraft:cooked_beef":5,"minecraft:magma_cream":4,"minecraft:water_bucket":3,"minecraft:andesite":149,"minecraft:smoker":1,"minecraft:potato":1,"minecraft:flint":18,"minecraft:acacia_boat":36,"minecraft:lapis_lazuli":132,"minecraft:dirt":937,"minecraft:twisting_vines":31,"minecraft:bone":58,"minecraft:chipped_anvil":2,"minecraft:acacia_planks":57,"minecraft:bow":5,"minecraft:wheat_seeds":412,"minecraft:bell":2,"minecraft:grindstone":2,"minecraft:glowstone_dust":43,"minecraft:oak_planks":21,"minecraft:ghast_tear":1,"minecraft:cooked_porkchop":14,"minecraft:warped_wart_block":2,"minecraft:oak_pressure_plate":1,"minecraft:sand":30,"minecraft:melon":11,"minecraft:ink_sac":8,"minecraft:grass_block":3,"minecraft:acacia_stairs":2,"minecraft:spectral_arrow":28,"minecraft:iron_hoe":1,"minecraft:stripped_acacia_log":9,"minecraft:diamond":13,"minecraft:lever":3,"minecraft:granite":69,"minecraft:bone_meal":2,"minecraft:golden_apple":1,"minecraft:emerald":6,"minecraft:oak_sapling":14,"minecraft:netherrack":1247,"minecraft:diamond_pickaxe":2,"minecraft:fishing_rod":2,"minecraft:crafting_table":6,"minecraft:chicken":6,"minecraft:nether_wart":43,"minecraft:leather_leggings":2,"minecraft:wooden_pickaxe":1,"minecraft:shield":4,"minecraft:oak_trapdoor":1,"minecraft:iron_axe":4,"minecraft:acacia_door":2,"minecraft:flint_and_steel":2,"minecraft:compass":1,"minecraft:white_carpet":1,"minecraft:iron_shovel":1,"minecraft:blackstone":34,"minecraft:cartography_table":1,"minecraft:beef":21,"minecraft:oak_boat":9,"minecraft:poppy":2,"minecraft:light_gray_wool":1,"minecraft:lectern":213,"minecraft:sugar_cane":690,"minecraft:chest":5,"minecraft:piston":3,"minecraft:egg":3,"minecraft:sandstone":8,"minecraft:stone":260,"minecraft:bowl":2,"minecraft:note_block":1,"minecraft:carrot":1186,"minecraft:redstone":79,"minecraft:stone_pressure_plate":1,"minecraft:tnt":33,"minecraft:arrow":53,"minecraft:nether_bricks":3,"minecraft:shears":1,"minecraft:hay_block":36,"minecraft:saddle":2,"minecraft:gold_ingot":12,"minecraft:mutton":52,"minecraft:bone_block":97,"minecraft:white_wool":60,"minecraft:lapis_ore":5,"minecraft:golden_carrot":64,"minecraft:salmon":24,"minecraft:cut_sandstone":12,"minecraft:leather":23,"minecraft:red_mushroom":6,"minecraft:filled_map":2,"minecraft:birch_planks":2,"minecraft:oak_log":31,"minecraft:golden_boots":1,"minecraft:cobblestone_wall":1,"minecraft:gunpowder":37,"minecraft:paper":13,"minecraft:orange_terracotta":3,"minecraft:cooked_mutton":25,"minecraft:kelp":133,"minecraft:acacia_trapdoor":1,"minecraft:iron_ingot":33,"minecraft:cobweb":34,"minecraft:stone_pickaxe":1,"minecraft:cooked_chicken":3,"minecraft:iron_ore":176,"minecraft:acacia_sapling":7,"minecraft:soul_sand":22,"minecraft:book":262,"minecraft:warped_fungus":5,"minecraft:birch_boat":9,"minecraft:quartz":210,"minecraft:gravel":125,"minecraft:lava_bucket":1,"minecraft:blast_furnace":1,"minecraft:white_bed":2,"minecraft:gold_ore":15,"minecraft:crying_obsidian":5,"minecraft:spider_eye":10,"minecraft:diamond_shovel":1,"minecraft:coal_ore":22,"minecraft:slime_ball":1,"minecraft:iron_helmet":3,"minecraft:gray_wool":3,"minecraft:warped_roots":20,"minecraft:oak_button":3,"minecraft:baked_potato":1,"minecraft:melon_seeds":16,"minecraft:damaged_anvil":1,"minecraft:acacia_slab":27,"minecraft:black_wool":3,"minecraft:warped_nylium":8,"minecraft:coal":153,"minecraft:hopper":1,"minecraft:ender_pearl":16},"minecraft:killed_by":{"minecraft:cave_spider":1,"minecraft:zombie":1},"minecraft:used":{"minecraft:iron_shovel":544,"minecraft:poppy":1,"minecraft:shield":154,"minecraft:chest":16,"minecraft:nether_wart":21,"minecraft:iron_sword":96,"minecraft:stone":3,"minecraft:zombie_spawn_egg":1,"minecraft:bell":1,"minecraft:rotten_flesh":51,"minecraft:soul_sand":6,"minecraft:carrot":282,"minecraft:acacia_sapling":4,"minecraft:acacia_button":1,"minecraft:obsidian":10,"minecraft:lava_bucket":14,"minecraft:villager_spawn_egg":4,"minecraft:grass_block":1,"minecraft:bow":38,"minecraft:warped_fungus":1,"minecraft:oak_sapling":5,"minecraft:furnace":9,"minecraft:cooked_cod":3,"minecraft:acacia_fence":2,"minecraft:egg":1,"minecraft:potato":1,"minecraft:diorite":16,"minecraft:damaged_anvil":1,"minecraft:stripped_acacia_log":5,"minecraft:stone_pickaxe":70,"minecraft:acacia_trapdoor":1,"minecraft:ender_pearl":1,"minecraft:wooden_pickaxe":7,"minecraft:sugar_cane":131,"minecraft:sandstone":5,"minecraft:composter":11,"minecraft:diamond_axe":196,"minecraft:cookie":1,"minecraft:white_wool":3,"minecraft:golden_apple":1,"minecraft:sand":1,"minecraft:blast_furnace":3,"minecraft:note_block":2,"minecraft:shears":23,"minecraft:sticky_piston":5,"minecraft:lever":3,"minecraft:acacia_door":1,"minecraft:melon_slice":44,"minecraft:string":2,"minecraft:bread":16,"minecraft:lectern":215,"minecraft:oak_pressure_plate":5,"minecraft:gravel":27,"minecraft:diamond_sword":732,"minecraft:grindstone":2,"minecraft:smithing_table":2,"minecraft:andesite":48,"minecraft:oak_boat":8,"minecraft:bone_meal":636,"minecraft:oak_trapdoor":7,"minecraft:enchanting_table":9,"minecraft:stone_sword":133,"minecraft:acacia_log":1,"minecraft:flint_and_steel":32,"minecraft:cooked_salmon":17,"minecraft:cooked_chicken":7,"minecraft:netherrack":535,"minecraft:torch":20,"minecraft:brewing_stand":2,"minecraft:dirt":282,"minecraft:anvil":4,"minecraft:hopper":2,"minecraft:twisting_vines":30,"minecraft:granite":27,"minecraft:iron_hoe":85,"minecraft:wooden_axe":21,"minecraft:chipped_anvil":2,"minecraft:bookshelf":102,"minecraft:light_weighted_pressure_plate":1,"minecraft:iron_axe":449,"minecraft:acacia_slab":29,"minecraft:melon_seeds":8,"minecraft:light_gray_wool":1,"minecraft:glowstone":7,"minecraft:golden_carrot":28,"minecraft:iron_trapdoor":1,"minecraft:cooked_beef":25,"minecraft:acacia_planks":27,"minecraft:orange_terracotta":3,"minecraft:wheat_seeds":144,"minecraft:cooked_mutton":68,"minecraft:acacia_boat":36,"minecraft:water_bucket":122,"minecraft:birch_planks":2,"minecraft:glass_bottle":6,"minecraft:baked_potato":1,"minecraft:birch_boat":7,"minecraft:cobblestone_slab":83,"minecraft:tnt":17,"minecraft:crafting_table":14,"minecraft:white_bed":7,"minecraft:piston":5,"minecraft:acacia_stairs":1,"minecraft:black_wool":2,"minecraft:diamond_pickaxe":4515,"minecraft:diamond_shovel":280,"minecraft:acacia_sign":3,"minecraft:iron_pickaxe":202,"minecraft:oak_button":5,"minecraft:suspicious_stew":2,"minecraft:lapis_ore":5,"minecraft:stone_slab":56,"minecraft:fishing_rod":2851,"minecraft:cobblestone":483,"minecraft:acacia_pressure_plate":3,"minecraft:cooked_porkchop":11,"minecraft:bucket":139,"minecraft:kelp":52,"minecraft:gray_wool":1,"minecraft:splash_potion":3},"minecraft:custom":{"minecraft:interact_with_crafting_table":167,"minecraft:bell_ring":59,"minecraft:leave_game":15,"minecraft:time_since_death":301977,"minecraft:sprint_one_cm":1671514,"minecraft:damage_blocked_by_shield":5195,"minecraft:drop":151,"minecraft:play_noteblock":5,"minecraft:talked_to_villager":631,"minecraft:deaths":3,"minecraft:jump":12266,"minecraft:interact_with_brewingstand":18,"minecraft:walk_on_water_one_cm":121789,"minecraft:enchant_item":44,"minecraft:interact_with_furnace":178,"minecraft:traded_with_villager":564,"minecraft:play_one_minute":1018622,"minecraft:sleep_in_bed":29,"minecraft:damage_dealt":56847,"minecraft:crouch_one_cm":111125,"minecraft:interact_with_anvil":18,"minecraft:mob_kills":354,"minecraft:inspect_hopper":2,"minecraft:climb_one_cm":6885,"minecraft:walk_one_cm":1360631,"minecraft:sneak_time":35424,"minecraft:walk_under_water_one_cm":167835,"minecraft:boat_one_cm":124416,"minecraft:interact_with_blast_furnace":2,"minecraft:tune_noteblock":60702,"minecraft:interact_with_grindstone":19,"minecraft:time_since_rest":202903,"minecraft:damage_absorbed":41,"minecraft:damage_taken":13275,"minecraft:swim_one_cm":119964,"minecraft:fly_one_cm":2444395,"minecraft:open_chest":571,"minecraft:fish_caught":464,"minecraft:fall_one_cm":282478},"minecraft:mined":{"minecraft:attached_melon_stem":1,"minecraft:white_bed":2,"minecraft:farmland":18,"minecraft:brewing_stand":1,"minecraft:obsidian":14,"minecraft:granite":72,"minecraft:grass_block":325,"minecraft:acacia_log":61,"minecraft:oak_pressure_plate":1,"minecraft:composter":9,"minecraft:hopper":1,"minecraft:nether_wart":15,"minecraft:acacia_pressure_plate":3,"minecraft:spawner":2,"minecraft:tall_seagrass":2,"minecraft:glowstone":18,"minecraft:iron_ore":175,"minecraft:sticky_piston":5,"minecraft:fire":72,"minecraft:anvil":2,"minecraft:enchanting_table":8,"minecraft:twisting_vines":12,"minecraft:piston_head":1,"minecraft:cut_sandstone":9,"minecraft:kelp_plant":10,"minecraft:twisting_vines_plant":10,"minecraft:melon_stem":2,"minecraft:smoker":1,"minecraft:orange_terracotta":3,"minecraft:torch":2,"minecraft:note_block":1,"minecraft:blast_furnace":2,"minecraft:melon":25,"minecraft:chest":3,"minecraft:nether_quartz_ore":155,"minecraft:cobblestone":115,"minecraft:damaged_anvil":1,"minecraft:grindstone":2,"minecraft:sugar_cane":382,"minecraft:wall_torch":4,"minecraft:seagrass":2,"minecraft:warped_nylium":55,"minecraft:wheat":157,"minecraft:lilac":1,"minecraft:warped_fungus":1,"minecraft:tnt":24,"minecraft:grass":213,"minecraft:oak_log":31,"minecraft:acacia_fence":11,"minecraft:sand":13,"minecraft:dirt":382,"minecraft:netherrack":1428,"minecraft:piston":2,"minecraft:oak_leaves":261,"minecraft:nether_gold_ore":114,"minecraft:diamond_ore":32,"minecraft:nether_bricks":3,"minecraft:lever":3,"minecraft:acacia_slab":26,"minecraft:kelp":2,"minecraft:red_mushroom":8,"minecraft:cartography_table":1,"minecraft:sandstone":2,"minecraft:hay_block":36,"minecraft:redstone_ore":24,"minecraft:oak_trapdoor":1,"minecraft:furnace":5,"minecraft:carrots":274,"minecraft:acacia_trapdoor":1,"minecraft:nether_sprouts":2,"minecraft:acacia_stairs":2,"minecraft:andesite":96,"minecraft:bell":1,"minecraft:bookshelf":88,"minecraft:cobblestone_slab":35,"minecraft:stripped_acacia_log":9,"minecraft:stone":2050,"minecraft:bone_block":83,"minecraft:white_wool":1,"minecraft:smithing_table":1,"minecraft:acacia_leaves":11,"minecraft:glass_pane":1,"minecraft:soul_sand":15,"minecraft:basalt":2,"minecraft:crafting_table":5,"minecraft:warped_roots":3,"minecraft:lectern":213,"minecraft:stone_slab":11,"minecraft:tall_grass":27,"minecraft:lapis_ore":23,"minecraft:diorite":74,"minecraft:warped_wart_block":2,"minecraft:cobblestone_wall":1,"minecraft:white_carpet":1,"minecraft:grass_path":8,"minecraft:coal_ore":116,"minecraft:acacia_door":3,"minecraft:gravel":143,"minecraft:cobweb":23,"minecraft:acacia_planks":13,"minecraft:gold_ore":15,"minecraft:chipped_anvil":2},"minecraft:killed":{"minecraft:cave_spider":6,"minecraft:zombified_piglin":2,"minecraft:witch":1,"minecraft:spider":23,"minecraft:skeleton":42,"minecraft:chicken":7,"minecraft:magma_cube":33,"minecraft:pig":7,"minecraft:salmon":17,"minecraft:iron_golem":1,"minecraft:creeper":10,"minecraft:sheep":42,"minecraft:trader_llama":5,"minecraft:zombie":67,"minecraft:ghast":6,"minecraft:blaze":27,"minecraft:cow":14,"minecraft:slime":1,"minecraft:drowned":5,"minecraft:squid":1,"minecraft:wither_skeleton":1,"minecraft:enderman":33},"minecraft:crafted":{"minecraft:smooth_stone":8,"minecraft:oak_planks":124,"minecraft:cobblestone_slab":84,"minecraft:acacia_pressure_plate":2,"minecraft:oak_pressure_plate":4,"minecraft:blaze_powder":14,"minecraft:cooked_chicken":6,"minecraft:stone":75,"minecraft:lever":1,"minecraft:diamond_shovel":1,"minecraft:bookshelf":104,"minecraft:cooked_mutton":52,"minecraft:suspicious_stew":6,"minecraft:quartz_block":11,"minecraft:glass":7,"minecraft:hopper":1,"minecraft:diamond_helmet":1,"minecraft:diamond_leggings":3,"minecraft:chest":14,"minecraft:oak_button":2,"minecraft:stone_hoe":8,"minecraft:ender_eye":12,"minecraft:name_tag":1,"minecraft:golden_boots":3,"minecraft:glass_bottle":6,"minecraft:emerald":321,"minecraft:cooked_porkchop":8,"minecraft:diamond_axe":6,"minecraft:crafting_table":11,"minecraft:acacia_slab":36,"minecraft:wooden_pickaxe":1,"minecraft:iron_helmet":2,"minecraft:smithing_table":2,"minecraft:sticky_piston":1,"minecraft:acacia_button":1,"minecraft:brewing_stand":1,"minecraft:apple":4,"minecraft:lectern":2,"minecraft:iron_chestplate":11,"minecraft:book":18,"minecraft:paper":165,"minecraft:diamond_pickaxe":4,"minecraft:shield":10,"minecraft:light_weighted_pressure_plate":1,"minecraft:stick":60,"minecraft:stone_slab":78,"minecraft:iron_ingot":139,"minecraft:iron_pickaxe":1,"minecraft:iron_block":4,"minecraft:stone_sword":1,"minecraft:gold_ingot":82,"minecraft:composter":2,"minecraft:shears":1,"minecraft:golden_carrot":162,"minecraft:cookie":54,"minecraft:stone_shovel":2,"minecraft:fishing_rod":4,"minecraft:diamond_hoe":3,"minecraft:furnace":5,"minecraft:blast_furnace":2,"minecraft:piston":3,"minecraft:bone_meal":634,"minecraft:oak_trapdoor":6,"minecraft:flint_and_steel":1,"minecraft:iron_axe":5,"minecraft:iron_hoe":1,"minecraft:stone_pickaxe":1,"minecraft:diamond_boots":3,"minecraft:wheat":324,"minecraft:cooked_beef":21,"minecraft:sugar":1,"minecraft:cooked_cod":39,"minecraft:diamond_sword":1,"minecraft:iron_trapdoor":1,"minecraft:enchanting_table":1,"minecraft:iron_sword":1,"minecraft:acacia_trapdoor":2,"minecraft:cooked_salmon":17,"minecraft:bucket":2,"minecraft:glowstone":9,"minecraft:enchanted_book":11,"minecraft:air":0,"minecraft:acacia_boat":3,"minecraft:bread":16,"minecraft:oak_boat":2,"minecraft:golden_apple":6,"minecraft:acacia_sign":3,"minecraft:chainmail_boots":12,"minecraft:fermented_spider_eye":1,"minecraft:wooden_axe":1,"minecraft:iron_shovel":3,"minecraft:iron_leggings":2,"minecraft:anvil":1,"minecraft:white_bed":5,"minecraft:pumpkin_pie":28,"minecraft:note_block":1,"minecraft:acacia_planks":268,"minecraft:torch":44,"minecraft:diamond_chestplate":4}},"DataVersion":2586}