{"stats":{"minecraft:broken":{"minecraft:iron_shovel":2,"minecraft:golden_boots":3,"minecraft:iron_leggings":1,"minecraft:diamond_pickaxe":1,"minecraft:stone_sword":1,"minecraft:shield":1,"minecraft:iron_helmet":1},"minecraft:dropped":{"minecraft:iron_sword":1,"minecraft:warped_fungus":3,"minecraft:cooked_beef":1,"minecraft:warped_roots":4,"minecraft:iron_horse_armor":1,"minecraft:saddle":4,"minecraft:emerald":6,"minecraft:dirt":5,"minecraft:iron_pickaxe":1,"minecraft:acacia_door":2,"minecraft:gold_ingot":12,"minecraft:gravel":15,"minecraft:blackstone":22,"minecraft:twisting_vines":1,"minecraft:wheat":1,"minecraft:obsidian":1,"minecraft:rotten_flesh":44,"minecraft:carrot":752,"minecraft:poppy":1,"minecraft:leather_chestplate":2,"minecraft:leather_leggings":3,"minecraft:iron_ore":1,"minecraft:warped_wart_block":2,"minecraft:crying_obsidian":3,"minecraft:quartz":4,"minecraft:acacia_fence":1,"minecraft:netherrack":67,"minecraft:iron_ingot":1,"minecraft:wheat_seeds":18,"minecraft:poisonous_potato":4,"minecraft:cobblestone":58,"minecraft:oak_fence":8,"minecraft:feather":2,"minecraft:granite":26,"minecraft:stick":6,"minecraft:diorite":27,"minecraft:wooden_axe":2,"minecraft:string":2,"minecraft:anvil":1,"minecraft:bowl":2,"minecraft:nether_bricks":3,"minecraft:flint_and_steel":1,"minecraft:cobblestone_slab":1,"minecraft:andesite":88,"minecraft:stone_pressure_plate":1,"minecraft:spider_eye":4,"minecraft:birch_boat":1,"minecraft:stone_pickaxe":2,"minecraft:wooden_pickaxe":2},"minecraft:picked_up":{"minecraft:wooden_axe":1,"minecraft:iron_chestplate":1,"minecraft:wheat":115,"minecraft:anvil":3,"minecraft:lead":1,"minecraft:diamond_sword":1,"minecraft:acacia_pressure_plate":2,"minecraft:enchanted_book":1,"minecraft:stone_brick_stairs":3,"minecraft:brewing_stand":1,"minecraft:string":75,"minecraft:cooked_salmon":2,"minecraft:iron_leggings":2,"minecraft:gold_nugget":317,"minecraft:bucket":1,"minecraft:cobblestone_slab":22,"minecraft:iron_pickaxe":1,"minecraft:melon_slice":44,"minecraft:furnace":6,"minecraft:stick":9,"minecraft:acacia_fence":4,"minecraft:composter":10,"minecraft:oak_fence":8,"minecraft:torch":1,"minecraft:acacia_log":56,"minecraft:porkchop":10,"minecraft:diorite":51,"minecraft:stone_sword":1,"minecraft:rotten_flesh":138,"minecraft:bookshelf":1,"minecraft:blaze_rod":13,"minecraft:obsidian":17,"minecraft:cod":3,"minecraft:cobblestone":1671,"minecraft:enchanting_table":7,"minecraft:leather_chestplate":1,"minecraft:cooked_beef":5,"minecraft:feather":7,"minecraft:magma_cream":4,"minecraft:water_bucket":2,"minecraft:andesite":148,"minecraft:smoker":1,"minecraft:potato":1,"minecraft:flint":6,"minecraft:acacia_boat":35,"minecraft:lapis_lazuli":99,"minecraft:dirt":801,"minecraft:twisting_vines":31,"minecraft:bone":54,"minecraft:chipped_anvil":2,"minecraft:acacia_planks":30,"minecraft:bow":4,"minecraft:wheat_seeds":372,"minecraft:bell":2,"minecraft:grindstone":2,"minecraft:glowstone_dust":43,"minecraft:oak_planks":21,"minecraft:ghast_tear":1,"minecraft:cooked_porkchop":14,"minecraft:warped_wart_block":2,"minecraft:oak_pressure_plate":1,"minecraft:sand":30,"minecraft:melon":8,"minecraft:ink_sac":3,"minecraft:acacia_stairs":1,"minecraft:grass_block":1,"minecraft:spectral_arrow":12,"minecraft:stripped_acacia_log":6,"minecraft:diamond":13,"minecraft:granite":64,"minecraft:bone_meal":2,"minecraft:golden_apple":1,"minecraft:emerald":6,"minecraft:oak_sapling":14,"minecraft:netherrack":1062,"minecraft:diamond_pickaxe":1,"minecraft:fishing_rod":1,"minecraft:crafting_table":6,"minecraft:chicken":6,"minecraft:nether_wart":19,"minecraft:leather_leggings":2,"minecraft:wooden_pickaxe":1,"minecraft:shield":4,"minecraft:oak_trapdoor":1,"minecraft:iron_axe":2,"minecraft:acacia_door":2,"minecraft:flint_and_steel":2,"minecraft:compass":1,"minecraft:white_carpet":1,"minecraft:iron_shovel":1,"minecraft:blackstone":22,"minecraft:cartography_table":1,"minecraft:beef":21,"minecraft:oak_boat":9,"minecraft:poppy":2,"minecraft:light_gray_wool":1,"minecraft:lectern":21,"minecraft:chest":5,"minecraft:sugar_cane":608,"minecraft:piston":1,"minecraft:egg":3,"minecraft:sandstone":8,"minecraft:bowl":1,"minecraft:note_block":1,"minecraft:carrot":973,"minecraft:redstone":79,"minecraft:stone_pressure_plate":1,"minecraft:tnt":33,"minecraft:arrow":52,"minecraft:nether_bricks":3,"minecraft:shears":1,"minecraft:hay_block":36,"minecraft:saddle":2,"minecraft:gold_ingot":5,"minecraft:mutton":52,"minecraft:bone_block":97,"minecraft:white_wool":60,"minecraft:salmon":19,"minecraft:cut_sandstone":12,"minecraft:leather":22,"minecraft:red_mushroom":6,"minecraft:filled_map":2,"minecraft:birch_planks":2,"minecraft:oak_log":26,"minecraft:golden_boots":1,"minecraft:cobblestone_wall":1,"minecraft:gunpowder":37,"minecraft:paper":13,"minecraft:orange_terracotta":3,"minecraft:cooked_mutton":25,"minecraft:kelp":133,"minecraft:acacia_trapdoor":1,"minecraft:iron_ingot":14,"minecraft:cobweb":34,"minecraft:stone_pickaxe":1,"minecraft:cooked_chicken":3,"minecraft:iron_ore":131,"minecraft:acacia_sapling":7,"minecraft:soul_sand":22,"minecraft:book":79,"minecraft:warped_fungus":5,"minecraft:birch_boat":9,"minecraft:quartz":65,"minecraft:gravel":32,"minecraft:lava_bucket":1,"minecraft:white_bed":2,"minecraft:gold_ore":15,"minecraft:crying_obsidian":3,"minecraft:spider_eye":8,"minecraft:iron_helmet":2,"minecraft:gray_wool":3,"minecraft:warped_roots":20,"minecraft:oak_button":3,"minecraft:baked_potato":1,"minecraft:melon_seeds":11,"minecraft:damaged_anvil":1,"minecraft:acacia_slab":25,"minecraft:black_wool":3,"minecraft:warped_nylium":8,"minecraft:coal":85,"minecraft:hopper":1,"minecraft:ender_pearl":16},"minecraft:killed_by":{"minecraft:cave_spider":1,"minecraft:zombie":1},"minecraft:used":{"minecraft:iron_shovel":544,"minecraft:poppy":1,"minecraft:shield":154,"minecraft:chest":14,"minecraft:nether_wart":13,"minecraft:iron_sword":96,"minecraft:zombie_spawn_egg":1,"minecraft:bell":1,"minecraft:rotten_flesh":51,"minecraft:soul_sand":6,"minecraft:carrot":200,"minecraft:acacia_sapling":4,"minecraft:acacia_button":1,"minecraft:obsidian":10,"minecraft:lava_bucket":10,"minecraft:villager_spawn_egg":4,"minecraft:bow":36,"minecraft:warped_fungus":1,"minecraft:oak_sapling":5,"minecraft:furnace":9,"minecraft:cooked_cod":3,"minecraft:acacia_fence":2,"minecraft:egg":1,"minecraft:potato":1,"minecraft:diorite":16,"minecraft:damaged_anvil":1,"minecraft:stripped_acacia_log":5,"minecraft:stone_pickaxe":70,"minecraft:acacia_trapdoor":1,"minecraft:ender_pearl":1,"minecraft:wooden_pickaxe":7,"minecraft:sandstone":5,"minecraft:composter":11,"minecraft:sugar_cane":131,"minecraft:cookie":1,"minecraft:white_wool":3,"minecraft:golden_apple":1,"minecraft:sand":1,"minecraft:blast_furnace":1,"minecraft:note_block":2,"minecraft:shears":23,"minecraft:acacia_door":1,"minecraft:melon_slice":44,"minecraft:string":2,"minecraft:bread":16,"minecraft:lectern":22,"minecraft:oak_pressure_plate":4,"minecraft:gravel":4,"minecraft:diamond_sword":650,"minecraft:grindstone":1,"minecraft:andesite":47,"minecraft:oak_boat":8,"minecraft:bone_meal":512,"minecraft:oak_trapdoor":7,"minecraft:enchanting_table":8,"minecraft:stone_sword":133,"minecraft:acacia_log":1,"minecraft:flint_and_steel":32,"minecraft:cooked_salmon":17,"minecraft:cooked_chicken":7,"minecraft:netherrack":510,"minecraft:torch":1,"minecraft:brewing_stand":2,"minecraft:dirt":242,"minecraft:anvil":3,"minecraft:hopper":2,"minecraft:twisting_vines":30,"minecraft:granite":27,"minecraft:iron_hoe":23,"minecraft:wooden_axe":21,"minecraft:chipped_anvil":2,"minecraft:bookshelf":35,"minecraft:light_weighted_pressure_plate":1,"minecraft:iron_axe":335,"minecraft:acacia_slab":29,"minecraft:melon_seeds":3,"minecraft:light_gray_wool":1,"minecraft:glowstone":7,"minecraft:golden_carrot":1,"minecraft:iron_trapdoor":1,"minecraft:cooked_beef":24,"minecraft:acacia_planks":9,"minecraft:orange_terracotta":3,"minecraft:wheat_seeds":112,"minecraft:cooked_mutton":68,"minecraft:acacia_boat":35,"minecraft:water_bucket":88,"minecraft:birch_planks":2,"minecraft:glass_bottle":6,"minecraft:baked_potato":1,"minecraft:birch_boat":7,"minecraft:cobblestone_slab":70,"minecraft:tnt":17,"minecraft:crafting_table":13,"minecraft:white_bed":7,"minecraft:piston":3,"minecraft:acacia_stairs":1,"minecraft:black_wool":2,"minecraft:diamond_pickaxe":3290,"minecraft:diamond_shovel":42,"minecraft:acacia_sign":3,"minecraft:iron_pickaxe":202,"minecraft:oak_button":5,"minecraft:suspicious_stew":2,"minecraft:fishing_rod":1528,"minecraft:cobblestone":426,"minecraft:acacia_pressure_plate":2,"minecraft:cooked_porkchop":11,"minecraft:bucket":100,"minecraft:kelp":52,"minecraft:gray_wool":1,"minecraft:splash_potion":2},"minecraft:custom":{"minecraft:interact_with_crafting_table":144,"minecraft:bell_ring":59,"minecraft:leave_game":9,"minecraft:time_since_death":103081,"minecraft:sprint_one_cm":1362821,"minecraft:damage_blocked_by_shield":5195,"minecraft:drop":127,"minecraft:play_noteblock":4,"minecraft:talked_to_villager":148,"minecraft:deaths":2,"minecraft:jump":10400,"minecraft:interact_with_brewingstand":17,"minecraft:walk_on_water_one_cm":98297,"minecraft:enchant_item":39,"minecraft:interact_with_furnace":157,"minecraft:traded_with_villager":182,"minecraft:play_one_minute":661269,"minecraft:sleep_in_bed":22,"minecraft:damage_dealt":52190,"minecraft:crouch_one_cm":73549,"minecraft:interact_with_anvil":11,"minecraft:mob_kills":327,"minecraft:climb_one_cm":6885,"minecraft:walk_one_cm":1004820,"minecraft:sneak_time":25231,"minecraft:walk_under_water_one_cm":142563,"minecraft:boat_one_cm":123369,"minecraft:tune_noteblock":16486,"minecraft:interact_with_grindstone":14,"minecraft:time_since_rest":45693,"minecraft:damage_taken":10726,"minecraft:damage_absorbed":41,"minecraft:swim_one_cm":117843,"minecraft:fly_one_cm":2136335,"minecraft:open_chest":359,"minecraft:fish_caught":99,"minecraft:fall_one_cm":238637},"minecraft:mined":{"minecraft:white_bed":2,"minecraft:attached_melon_stem":1,"minecraft:farmland":1,"minecraft:brewing_stand":1,"minecraft:obsidian":14,"minecraft:granite":67,"minecraft:acacia_log":52,"minecraft:grass_block":259,"minecraft:oak_pressure_plate":1,"minecraft:composter":9,"minecraft:hopper":1,"minecraft:acacia_pressure_plate":2,"minecraft:nether_wart":7,"minecraft:spawner":2,"minecraft:tall_seagrass":2,"minecraft:glowstone":18,"minecraft:iron_ore":130,"minecraft:fire":59,"minecraft:anvil":2,"minecraft:enchanting_table":7,"minecraft:twisting_vines":12,"minecraft:piston_head":1,"minecraft:cut_sandstone":9,"minecraft:kelp_plant":10,"minecraft:twisting_vines_plant":10,"minecraft:melon_stem":1,"minecraft:smoker":1,"minecraft:orange_terracotta":3,"minecraft:note_block":1,"minecraft:melon":17,"minecraft:chest":3,"minecraft:nether_quartz_ore":64,"minecraft:cobblestone":62,"minecraft:grindstone":2,"minecraft:sugar_cane":341,"minecraft:damaged_anvil":1,"minecraft:wall_torch":3,"minecraft:seagrass":2,"minecraft:warped_nylium":55,"minecraft:wheat":146,"minecraft:lilac":1,"minecraft:tnt":24,"minecraft:warped_fungus":1,"minecraft:grass":163,"minecraft:oak_log":26,"minecraft:acacia_fence":4,"minecraft:sand":13,"minecraft:dirt":337,"minecraft:netherrack":1276,"minecraft:oak_leaves":261,"minecraft:nether_gold_ore":82,"minecraft:diamond_ore":13,"minecraft:nether_bricks":3,"minecraft:acacia_slab":23,"minecraft:kelp":2,"minecraft:cartography_table":1,"minecraft:red_mushroom":8,"minecraft:sandstone":2,"minecraft:hay_block":36,"minecraft:redstone_ore":17,"minecraft:oak_trapdoor":1,"minecraft:furnace":5,"minecraft:carrots":196,"minecraft:acacia_trapdoor":1,"minecraft:nether_sprouts":2,"minecraft:acacia_stairs":1,"minecraft:andesite":89,"minecraft:bell":1,"minecraft:bookshelf":26,"minecraft:cobblestone_slab":19,"minecraft:stripped_acacia_log":6,"minecraft:stone":1378,"minecraft:bone_block":83,"minecraft:white_wool":1,"minecraft:acacia_leaves":11,"minecraft:glass_pane":1,"minecraft:soul_sand":15,"minecraft:basalt":2,"minecraft:crafting_table":5,"minecraft:warped_roots":3,"minecraft:lectern":21,"minecraft:tall_grass":25,"minecraft:lapis_ore":13,"minecraft:diorite":52,"minecraft:warped_wart_block":2,"minecraft:cobblestone_wall":1,"minecraft:white_carpet":1,"minecraft:grass_path":2,"minecraft:coal_ore":54,"minecraft:gravel":15,"minecraft:acacia_door":3,"minecraft:cobweb":23,"minecraft:acacia_planks":3,"minecraft:gold_ore":15,"minecraft:chipped_anvil":2},"minecraft:killed":{"minecraft:cave_spider":6,"minecraft:witch":1,"minecraft:spider":21,"minecraft:skeleton":39,"minecraft:chicken":7,"minecraft:magma_cube":33,"minecraft:pig":7,"minecraft:salmon":17,"minecraft:iron_golem":1,"minecraft:creeper":10,"minecraft:sheep":42,"minecraft:trader_llama":4,"minecraft:zombie":54,"minecraft:ghast":5,"minecraft:blaze":27,"minecraft:cow":14,"minecraft:drowned":4,"minecraft:wither_skeleton":1,"minecraft:enderman":32},"minecraft:crafted":{"minecraft:smooth_stone":8,"minecraft:oak_planks":104,"minecraft:cobblestone_slab":84,"minecraft:acacia_pressure_plate":1,"minecraft:blaze_powder":14,"minecraft:oak_pressure_plate":3,"minecraft:cooked_chicken":6,"minecraft:stone":11,"minecraft:diamond_shovel":1,"minecraft:bookshelf":36,"minecraft:cooked_mutton":52,"minecraft:suspicious_stew":6,"minecraft:quartz_block":11,"minecraft:glass":7,"minecraft:hopper":1,"minecraft:chest":12,"minecraft:oak_button":2,"minecraft:ender_eye":12,"minecraft:golden_boots":3,"minecraft:glass_bottle":6,"minecraft:emerald":104,"minecraft:cooked_porkchop":8,"minecraft:crafting_table":10,"minecraft:acacia_slab":36,"minecraft:wooden_pickaxe":1,"minecraft:iron_helmet":2,"minecraft:brewing_stand":1,"minecraft:acacia_button":1,"minecraft:apple":4,"minecraft:lectern":1,"minecraft:iron_chestplate":3,"minecraft:book":18,"minecraft:paper":84,"minecraft:diamond_pickaxe":3,"minecraft:shield":2,"minecraft:light_weighted_pressure_plate":1,"minecraft:stick":48,"minecraft:iron_ingot":139,"minecraft:iron_pickaxe":1,"minecraft:iron_block":4,"minecraft:stone_sword":1,"minecraft:gold_ingot":48,"minecraft:composter":2,"minecraft:shears":1,"minecraft:golden_carrot":60,"minecraft:cookie":54,"minecraft:fishing_rod":4,"minecraft:furnace":4,"minecraft:blast_furnace":1,"minecraft:piston":2,"minecraft:bone_meal":634,"minecraft:oak_trapdoor":6,"minecraft:flint_and_steel":1,"minecraft:iron_axe":2,"minecraft:iron_hoe":1,"minecraft:stone_pickaxe":1,"minecraft:wheat":324,"minecraft:cooked_beef":21,"minecraft:sugar":1,"minecraft:cooked_cod":39,"minecraft:diamond_sword":1,"minecraft:iron_trapdoor":1,"minecraft:enchanting_table":1,"minecraft:iron_sword":1,"minecraft:acacia_trapdoor":2,"minecraft:cooked_salmon":17,"minecraft:bucket":2,"minecraft:glowstone":9,"minecraft:enchanted_book":11,"minecraft:air":0,"minecraft:acacia_boat":2,"minecraft:bread":16,"minecraft:oak_boat":2,"minecraft:golden_apple":4,"minecraft:acacia_sign":3,"minecraft:fermented_spider_eye":1,"minecraft:wooden_axe":1,"minecraft:iron_shovel":3,"minecraft:iron_leggings":2,"minecraft:anvil":1,"minecraft:white_bed":5,"minecraft:pumpkin_pie":28,"minecraft:note_block":1,"minecraft:acacia_planks":224}},"DataVersion":2586}