{"stats":{"minecraft:broken":{"minecraft:iron_shovel":1,"minecraft:golden_boots":2,"minecraft:iron_leggings":1,"minecraft:stone_sword":1,"minecraft:shield":1,"minecraft:iron_helmet":1},"minecraft:dropped":{"minecraft:iron_sword":1,"minecraft:warped_fungus":3,"minecraft:cooked_beef":1,"minecraft:warped_roots":4,"minecraft:iron_horse_armor":1,"minecraft:saddle":4,"minecraft:dirt":1,"minecraft:iron_pickaxe":1,"minecraft:acacia_door":2,"minecraft:gold_ingot":12,"minecraft:gravel":15,"minecraft:blackstone":22,"minecraft:twisting_vines":1,"minecraft:wheat":1,"minecraft:obsidian":1,"minecraft:rotten_flesh":42,"minecraft:poppy":1,"minecraft:leather_chestplate":2,"minecraft:leather_leggings":3,"minecraft:iron_ore":1,"minecraft:warped_wart_block":2,"minecraft:crying_obsidian":3,"minecraft:quartz":4,"minecraft:netherrack":67,"minecraft:iron_ingot":1,"minecraft:wheat_seeds":12,"minecraft:poisonous_potato":4,"minecraft:cobblestone":58,"minecraft:oak_fence":8,"minecraft:feather":2,"minecraft:granite":26,"minecraft:stick":6,"minecraft:diorite":27,"minecraft:wooden_axe":2,"minecraft:string":1,"minecraft:anvil":1,"minecraft:bowl":1,"minecraft:nether_bricks":3,"minecraft:flint_and_steel":1,"minecraft:andesite":88,"minecraft:stone_pressure_plate":1,"minecraft:spider_eye":4,"minecraft:birch_boat":1,"minecraft:stone_pickaxe":2,"minecraft:wooden_pickaxe":2},"minecraft:picked_up":{"minecraft:wooden_axe":1,"minecraft:wheat":107,"minecraft:anvil":3,"minecraft:lead":1,"minecraft:enchanted_book":1,"minecraft:brewing_stand":1,"minecraft:string":70,"minecraft:iron_leggings":1,"minecraft:gold_nugget":317,"minecraft:bucket":1,"minecraft:iron_pickaxe":1,"minecraft:melon_slice":44,"minecraft:furnace":6,"minecraft:stick":6,"minecraft:acacia_fence":3,"minecraft:composter":6,"minecraft:oak_fence":8,"minecraft:torch":1,"minecraft:acacia_log":37,"minecraft:porkchop":10,"minecraft:diorite":51,"minecraft:stone_sword":1,"minecraft:rotten_flesh":116,"minecraft:blaze_rod":13,"minecraft:obsidian":17,"minecraft:cobblestone":1457,"minecraft:enchanting_table":6,"minecraft:leather_chestplate":1,"minecraft:cooked_beef":5,"minecraft:feather":7,"minecraft:magma_cream":4,"minecraft:water_bucket":1,"minecraft:andesite":137,"minecraft:smoker":1,"minecraft:potato":1,"minecraft:flint":4,"minecraft:acacia_boat":35,"minecraft:lapis_lazuli":75,"minecraft:dirt":496,"minecraft:twisting_vines":31,"minecraft:bone":44,"minecraft:chipped_anvil":2,"minecraft:acacia_planks":24,"minecraft:bow":1,"minecraft:wheat_seeds":343,"minecraft:bell":2,"minecraft:grindstone":1,"minecraft:glowstone_dust":43,"minecraft:oak_planks":21,"minecraft:ghast_tear":1,"minecraft:cooked_porkchop":14,"minecraft:warped_wart_block":2,"minecraft:sand":10,"minecraft:grass_block":1,"minecraft:spectral_arrow":12,"minecraft:diamond":13,"minecraft:granite":60,"minecraft:golden_apple":1,"minecraft:oak_sapling":14,"minecraft:netherrack":1003,"minecraft:crafting_table":4,"minecraft:chicken":6,"minecraft:nether_wart":4,"minecraft:leather_leggings":2,"minecraft:wooden_pickaxe":1,"minecraft:shield":2,"minecraft:iron_axe":1,"minecraft:acacia_door":2,"minecraft:flint_and_steel":2,"minecraft:compass":1,"minecraft:blackstone":22,"minecraft:cartography_table":1,"minecraft:beef":21,"minecraft:oak_boat":7,"minecraft:light_gray_wool":1,"minecraft:poppy":2,"minecraft:chest":2,"minecraft:sugar_cane":234,"minecraft:egg":3,"minecraft:sandstone":8,"minecraft:carrot":1,"minecraft:redstone":79,"minecraft:stone_pressure_plate":1,"minecraft:tnt":18,"minecraft:arrow":33,"minecraft:nether_bricks":3,"minecraft:shears":1,"minecraft:hay_block":18,"minecraft:saddle":2,"minecraft:gold_ingot":5,"minecraft:mutton":52,"minecraft:white_wool":60,"minecraft:bone_block":83,"minecraft:cut_sandstone":6,"minecraft:leather":21,"minecraft:red_mushroom":6,"minecraft:filled_map":1,"minecraft:birch_planks":2,"minecraft:oak_log":5,"minecraft:golden_boots":1,"minecraft:gunpowder":33,"minecraft:cobblestone_wall":1,"minecraft:paper":13,"minecraft:orange_terracotta":3,"minecraft:cooked_mutton":25,"minecraft:kelp":133,"minecraft:cobweb":34,"minecraft:iron_ingot":14,"minecraft:stone_pickaxe":1,"minecraft:cooked_chicken":3,"minecraft:iron_ore":131,"minecraft:soul_sand":15,"minecraft:acacia_sapling":7,"minecraft:book":3,"minecraft:warped_fungus":5,"minecraft:birch_boat":9,"minecraft:quartz":65,"minecraft:gravel":28,"minecraft:lava_bucket":1,"minecraft:white_bed":1,"minecraft:gold_ore":15,"minecraft:crying_obsidian":3,"minecraft:spider_eye":6,"minecraft:iron_helmet":1,"minecraft:gray_wool":3,"minecraft:warped_roots":20,"minecraft:black_wool":3,"minecraft:baked_potato":1,"minecraft:acacia_slab":12,"minecraft:melon_seeds":5,"minecraft:warped_nylium":8,"minecraft:coal":69,"minecraft:ender_pearl":13},"minecraft:killed_by":{"minecraft:cave_spider":1},"minecraft:used":{"minecraft:iron_shovel":515,"minecraft:poppy":1,"minecraft:chest":8,"minecraft:shield":153,"minecraft:nether_wart":6,"minecraft:iron_sword":96,"minecraft:zombie_spawn_egg":1,"minecraft:bell":1,"minecraft:rotten_flesh":49,"minecraft:soul_sand":5,"minecraft:carrot":1,"minecraft:acacia_sapling":4,"minecraft:obsidian":10,"minecraft:lava_bucket":10,"minecraft:villager_spawn_egg":2,"minecraft:bow":36,"minecraft:warped_fungus":1,"minecraft:oak_sapling":5,"minecraft:furnace":9,"minecraft:egg":1,"minecraft:potato":1,"minecraft:diorite":16,"minecraft:stone_pickaxe":70,"minecraft:wooden_pickaxe":7,"minecraft:sandstone":5,"minecraft:composter":7,"minecraft:sugar_cane":60,"minecraft:white_wool":3,"minecraft:golden_apple":1,"minecraft:sand":1,"minecraft:shears":23,"minecraft:melon_slice":44,"minecraft:string":2,"minecraft:bread":16,"minecraft:gravel":4,"minecraft:diamond_sword":497,"minecraft:grindstone":1,"minecraft:andesite":45,"minecraft:oak_boat":6,"minecraft:bone_meal":186,"minecraft:enchanting_table":7,"minecraft:stone_sword":133,"minecraft:flint_and_steel":32,"minecraft:cooked_chicken":7,"minecraft:netherrack":510,"minecraft:torch":1,"minecraft:brewing_stand":2,"minecraft:dirt":193,"minecraft:anvil":3,"minecraft:twisting_vines":30,"minecraft:granite":27,"minecraft:wooden_axe":21,"minecraft:chipped_anvil":2,"minecraft:bookshelf":4,"minecraft:iron_axe":198,"minecraft:acacia_slab":15,"minecraft:melon_seeds":3,"minecraft:light_gray_wool":1,"minecraft:glowstone":7,"minecraft:cooked_beef":21,"minecraft:acacia_planks":2,"minecraft:orange_terracotta":3,"minecraft:wheat_seeds":106,"minecraft:cooked_mutton":54,"minecraft:acacia_boat":35,"minecraft:water_bucket":60,"minecraft:birch_planks":2,"minecraft:glass_bottle":6,"minecraft:baked_potato":1,"minecraft:birch_boat":7,"minecraft:tnt":2,"minecraft:crafting_table":12,"minecraft:white_bed":4,"minecraft:black_wool":2,"minecraft:diamond_pickaxe":3205,"minecraft:acacia_sign":3,"minecraft:iron_pickaxe":202,"minecraft:suspicious_stew":1,"minecraft:cobblestone":274,"minecraft:cooked_porkchop":8,"minecraft:bucket":73,"minecraft:kelp":52,"minecraft:gray_wool":1},"minecraft:custom":{"minecraft:interact_with_crafting_table":91,"minecraft:bell_ring":59,"minecraft:leave_game":8,"minecraft:time_since_death":362320,"minecraft:sprint_one_cm":1034667,"minecraft:damage_blocked_by_shield":5155,"minecraft:drop":101,"minecraft:talked_to_villager":35,"minecraft:deaths":1,"minecraft:jump":7589,"minecraft:interact_with_brewingstand":12,"minecraft:walk_on_water_one_cm":39361,"minecraft:enchant_item":31,"minecraft:interact_with_furnace":147,"minecraft:traded_with_villager":9,"minecraft:play_one_minute":407158,"minecraft:sleep_in_bed":13,"minecraft:damage_dealt":42420,"minecraft:crouch_one_cm":54044,"minecraft:mob_kills":265,"minecraft:interact_with_anvil":8,"minecraft:climb_one_cm":6885,"minecraft:walk_one_cm":760270,"minecraft:sneak_time":13140,"minecraft:walk_under_water_one_cm":123934,"minecraft:boat_one_cm":87738,"minecraft:interact_with_grindstone":11,"minecraft:time_since_rest":11157,"minecraft:damage_taken":8185,"minecraft:damage_absorbed":41,"minecraft:swim_one_cm":88073,"minecraft:fly_one_cm":1571167,"minecraft:open_chest":154,"minecraft:fall_one_cm":171445},"minecraft:mined":{"minecraft:attached_melon_stem":1,"minecraft:white_bed":1,"minecraft:brewing_stand":1,"minecraft:obsidian":14,"minecraft:granite":67,"minecraft:acacia_log":32,"minecraft:grass_block":217,"minecraft:composter":6,"minecraft:nether_wart":2,"minecraft:spawner":2,"minecraft:glowstone":18,"minecraft:iron_ore":130,"minecraft:fire":59,"minecraft:anvil":2,"minecraft:enchanting_table":6,"minecraft:twisting_vines":12,"minecraft:cut_sandstone":6,"minecraft:kelp_plant":10,"minecraft:twisting_vines_plant":10,"minecraft:melon_stem":1,"minecraft:smoker":1,"minecraft:orange_terracotta":3,"minecraft:melon":9,"minecraft:chest":2,"minecraft:nether_quartz_ore":64,"minecraft:cobblestone":17,"minecraft:grindstone":1,"minecraft:sugar_cane":128,"minecraft:wall_torch":3,"minecraft:seagrass":2,"minecraft:warped_nylium":55,"minecraft:wheat":140,"minecraft:lilac":1,"minecraft:tnt":9,"minecraft:warped_fungus":1,"minecraft:grass":144,"minecraft:oak_log":5,"minecraft:acacia_fence":2,"minecraft:sand":9,"minecraft:dirt":265,"minecraft:netherrack":1268,"minecraft:oak_leaves":259,"minecraft:nether_gold_ore":82,"minecraft:diamond_ore":13,"minecraft:nether_bricks":3,"minecraft:acacia_slab":12,"minecraft:cartography_table":1,"minecraft:red_mushroom":8,"minecraft:kelp":2,"minecraft:sandstone":2,"minecraft:hay_block":18,"minecraft:redstone_ore":17,"minecraft:furnace":5,"minecraft:nether_sprouts":2,"minecraft:andesite":89,"minecraft:bell":1,"minecraft:bookshelf":1,"minecraft:stone":1378,"minecraft:bone_block":83,"minecraft:white_wool":1,"minecraft:acacia_leaves":10,"minecraft:glass_pane":1,"minecraft:soul_sand":15,"minecraft:basalt":2,"minecraft:crafting_table":4,"minecraft:warped_roots":3,"minecraft:tall_grass":21,"minecraft:lapis_ore":13,"minecraft:diorite":52,"minecraft:warped_wart_block":2,"minecraft:cobblestone_wall":1,"minecraft:grass_path":2,"minecraft:coal_ore":54,"minecraft:gravel":15,"minecraft:acacia_door":2,"minecraft:cobweb":23,"minecraft:chipped_anvil":2,"minecraft:gold_ore":15},"minecraft:killed":{"minecraft:cave_spider":6,"minecraft:spider":16,"minecraft:skeleton":28,"minecraft:chicken":7,"minecraft:magma_cube":33,"minecraft:pig":7,"minecraft:iron_golem":1,"minecraft:creeper":7,"minecraft:sheep":42,"minecraft:trader_llama":2,"minecraft:zombie":37,"minecraft:ghast":5,"minecraft:blaze":27,"minecraft:cow":14,"minecraft:wither_skeleton":1,"minecraft:enderman":31},"minecraft:crafted":{"minecraft:oak_planks":20,"minecraft:blaze_powder":14,"minecraft:cooked_chicken":6,"minecraft:stone":3,"minecraft:bookshelf":4,"minecraft:cooked_mutton":52,"minecraft:glass":7,"minecraft:quartz_block":11,"minecraft:chest":6,"minecraft:ender_eye":12,"minecraft:golden_boots":3,"minecraft:glass_bottle":6,"minecraft:emerald":8,"minecraft:cooked_porkchop":8,"minecraft:crafting_table":9,"minecraft:acacia_slab":12,"minecraft:wooden_pickaxe":1,"minecraft:iron_helmet":2,"minecraft:brewing_stand":1,"minecraft:apple":4,"minecraft:iron_chestplate":3,"minecraft:book":18,"minecraft:paper":84,"minecraft:diamond_pickaxe":2,"minecraft:shield":2,"minecraft:stick":28,"minecraft:iron_ingot":118,"minecraft:iron_pickaxe":1,"minecraft:iron_block":4,"minecraft:stone_sword":1,"minecraft:gold_ingot":41,"minecraft:composter":1,"minecraft:shears":1,"minecraft:furnace":3,"minecraft:bone_meal":186,"minecraft:flint_and_steel":1,"minecraft:iron_axe":2,"minecraft:stone_pickaxe":1,"minecraft:wheat":162,"minecraft:cooked_beef":21,"minecraft:diamond_sword":1,"minecraft:enchanting_table":1,"minecraft:iron_sword":1,"minecraft:bucket":2,"minecraft:glowstone":9,"minecraft:acacia_boat":2,"minecraft:bread":16,"minecraft:air":0,"minecraft:oak_boat":1,"minecraft:golden_apple":1,"minecraft:acacia_sign":3,"minecraft:wooden_axe":1,"minecraft:iron_shovel":2,"minecraft:iron_leggings":2,"minecraft:anvil":1,"minecraft:white_bed":3,"minecraft:acacia_planks":148}},"DataVersion":2586}