{"stats":{"minecraft:crafted":{"minecraft:oak_planks":20,"minecraft:blaze_powder":12,"minecraft:cooked_chicken":6,"minecraft:stone":3,"minecraft:bookshelf":4,"minecraft:cooked_mutton":46,"minecraft:glass":7,"minecraft:chest":3,"minecraft:ender_eye":12,"minecraft:golden_boots":3,"minecraft:emerald":7,"minecraft:cooked_porkchop":8,"minecraft:crafting_table":8,"minecraft:acacia_slab":12,"minecraft:wooden_pickaxe":1,"minecraft:iron_helmet":2,"minecraft:brewing_stand":1,"minecraft:apple":4,"minecraft:iron_chestplate":3,"minecraft:book":13,"minecraft:diamond_pickaxe":1,"minecraft:paper":27,"minecraft:shield":2,"minecraft:stick":24,"minecraft:iron_ingot":100,"minecraft:iron_pickaxe":1,"minecraft:iron_block":4,"minecraft:stone_sword":1,"minecraft:gold_ingot":23,"minecraft:composter":1,"minecraft:shears":1,"minecraft:furnace":3,"minecraft:bone_meal":186,"minecraft:flint_and_steel":1,"minecraft:iron_axe":2,"minecraft:stone_pickaxe":1,"minecraft:wheat":162,"minecraft:cooked_beef":21,"minecraft:diamond_sword":1,"minecraft:enchanting_table":1,"minecraft:iron_sword":1,"minecraft:bucket":2,"minecraft:bread":5,"minecraft:acacia_boat":2,"minecraft:air":0,"minecraft:oak_boat":1,"minecraft:golden_apple":1,"minecraft:wooden_axe":1,"minecraft:iron_shovel":1,"minecraft:iron_leggings":1,"minecraft:anvil":1,"minecraft:white_bed":3,"minecraft:acacia_planks":136},"minecraft:killed_by":{"minecraft:cave_spider":1},"minecraft:used":{"minecraft:iron_shovel":7,"minecraft:poppy":1,"minecraft:chest":4,"minecraft:shield":153,"minecraft:iron_sword":96,"minecraft:nether_wart":2,"minecraft:bell":1,"minecraft:rotten_flesh":49,"minecraft:soul_sand":4,"minecraft:carrot":1,"minecraft:acacia_sapling":4,"minecraft:obsidian":10,"minecraft:lava_bucket":10,"minecraft:bow":36,"minecraft:warped_fungus":1,"minecraft:furnace":9,"minecraft:oak_sapling":5,"minecraft:egg":1,"minecraft:potato":1,"minecraft:stone_pickaxe":70,"minecraft:wooden_pickaxe":7,"minecraft:sandstone":5,"minecraft:composter":5,"minecraft:sugar_cane":18,"minecraft:white_wool":3,"minecraft:golden_apple":1,"minecraft:sand":1,"minecraft:shears":23,"minecraft:bread":4,"minecraft:string":2,"minecraft:gravel":4,"minecraft:diamond_sword":431,"minecraft:andesite":4,"minecraft:oak_boat":6,"minecraft:bone_meal":186,"minecraft:enchanting_table":7,"minecraft:stone_sword":133,"minecraft:flint_and_steel":7,"minecraft:cooked_chicken":7,"minecraft:netherrack":380,"minecraft:torch":1,"minecraft:brewing_stand":1,"minecraft:dirt":10,"minecraft:anvil":3,"minecraft:twisting_vines":30,"minecraft:granite":3,"minecraft:wooden_axe":21,"minecraft:chipped_anvil":1,"minecraft:bookshelf":4,"minecraft:iron_axe":183,"minecraft:acacia_slab":15,"minecraft:cooked_beef":21,"minecraft:acacia_planks":1,"minecraft:orange_terracotta":3,"minecraft:wheat_seeds":106,"minecraft:cooked_mutton":46,"minecraft:acacia_boat":34,"minecraft:water_bucket":22,"minecraft:birch_planks":2,"minecraft:baked_potato":1,"minecraft:birch_boat":7,"minecraft:tnt":2,"minecraft:crafting_table":11,"minecraft:white_bed":4,"minecraft:black_wool":1,"minecraft:diamond_pickaxe":1018,"minecraft:iron_pickaxe":202,"minecraft:suspicious_stew":1,"minecraft:cobblestone":187,"minecraft:cooked_porkchop":8,"minecraft:bucket":35},"minecraft:picked_up":{"minecraft:wooden_axe":1,"minecraft:wheat":106,"minecraft:anvil":3,"minecraft:enchanted_book":1,"minecraft:brewing_stand":1,"minecraft:string":70,"minecraft:iron_leggings":1,"minecraft:gold_nugget":145,"minecraft:bucket":1,"minecraft:iron_pickaxe":1,"minecraft:furnace":6,"minecraft:stick":6,"minecraft:acacia_fence":2,"minecraft:composter":4,"minecraft:oak_fence":8,"minecraft:torch":1,"minecraft:acacia_log":35,"minecraft:porkchop":8,"minecraft:diorite":10,"minecraft:stone_sword":1,"minecraft:rotten_flesh":114,"minecraft:blaze_rod":12,"minecraft:obsidian":17,"minecraft:cobblestone":437,"minecraft:enchanting_table":6,"minecraft:leather_chestplate":1,"minecraft:cooked_beef":1,"minecraft:feather":5,"minecraft:magma_cream":4,"minecraft:water_bucket":1,"minecraft:andesite":37,"minecraft:smoker":1,"minecraft:potato":1,"minecraft:flint":3,"minecraft:acacia_boat":34,"minecraft:lapis_lazuli":24,"minecraft:dirt":11,"minecraft:twisting_vines":31,"minecraft:bone":42,"minecraft:chipped_anvil":2,"minecraft:acacia_planks":24,"minecraft:bow":1,"minecraft:wheat_seeds":331,"minecraft:bell":1,"minecraft:grindstone":1,"minecraft:glowstone_dust":4,"minecraft:oak_planks":21,"minecraft:ghast_tear":1,"minecraft:cooked_porkchop":8,"minecraft:warped_wart_block":2,"minecraft:sand":10,"minecraft:spectral_arrow":12,"minecraft:diamond":9,"minecraft:granite":30,"minecraft:golden_apple":1,"minecraft:oak_sapling":12,"minecraft:netherrack":457,"minecraft:crafting_table":3,"minecraft:chicken":6,"minecraft:nether_wart":1,"minecraft:leather_leggings":2,"minecraft:wooden_pickaxe":1,"minecraft:shield":2,"minecraft:acacia_door":2,"minecraft:iron_axe":1,"minecraft:flint_and_steel":2,"minecraft:compass":1,"minecraft:blackstone":22,"minecraft:cartography_table":1,"minecraft:beef":21,"minecraft:oak_boat":7,"minecraft:poppy":2,"minecraft:chest":1,"minecraft:sugar_cane":62,"minecraft:egg":1,"minecraft:sandstone":8,"minecraft:carrot":1,"minecraft:stone_pressure_plate":1,"minecraft:tnt":18,"minecraft:arrow":31,"minecraft:shears":1,"minecraft:hay_block":18,"minecraft:saddle":2,"minecraft:gold_ingot":5,"minecraft:mutton":46,"minecraft:white_wool":51,"minecraft:bone_block":15,"minecraft:cut_sandstone":6,"minecraft:leather":17,"minecraft:filled_map":1,"minecraft:birch_planks":2,"minecraft:oak_log":5,"minecraft:golden_boots":1,"minecraft:gunpowder":33,"minecraft:paper":13,"minecraft:orange_terracotta":3,"minecraft:cooked_mutton":9,"minecraft:cobweb":34,"minecraft:iron_ingot":14,"minecraft:stone_pickaxe":1,"minecraft:cooked_chicken":1,"minecraft:iron_ore":92,"minecraft:soul_sand":4,"minecraft:acacia_sapling":7,"minecraft:book":3,"minecraft:warped_fungus":5,"minecraft:birch_boat":9,"minecraft:quartz":3,"minecraft:gravel":14,"minecraft:lava_bucket":1,"minecraft:white_bed":1,"minecraft:gold_ore":7,"minecraft:crying_obsidian":3,"minecraft:spider_eye":6,"minecraft:iron_helmet":1,"minecraft:warped_roots":20,"minecraft:black_wool":1,"minecraft:baked_potato":1,"minecraft:acacia_slab":12,"minecraft:melon_seeds":2,"minecraft:warped_nylium":8,"minecraft:coal":17,"minecraft:ender_pearl":12},"minecraft:broken":{"minecraft:golden_boots":2,"minecraft:iron_leggings":1,"minecraft:stone_sword":1,"minecraft:shield":1,"minecraft:iron_helmet":1},"minecraft:mined":{"minecraft:white_bed":1,"minecraft:brewing_stand":1,"minecraft:obsidian":14,"minecraft:granite":36,"minecraft:acacia_log":32,"minecraft:grass_block":6,"minecraft:composter":4,"minecraft:nether_wart":1,"minecraft:spawner":2,"minecraft:glowstone":2,"minecraft:iron_ore":91,"minecraft:fire":29,"minecraft:anvil":2,"minecraft:enchanting_table":6,"minecraft:twisting_vines":12,"minecraft:cut_sandstone":6,"minecraft:twisting_vines_plant":10,"minecraft:melon_stem":1,"minecraft:smoker":1,"minecraft:orange_terracotta":3,"minecraft:chest":1,"minecraft:nether_quartz_ore":3,"minecraft:cobblestone":12,"minecraft:grindstone":1,"minecraft:sugar_cane":27,"minecraft:wall_torch":3,"minecraft:warped_nylium":55,"minecraft:wheat":140,"minecraft:lilac":1,"minecraft:tnt":9,"minecraft:warped_fungus":1,"minecraft:grass":81,"minecraft:oak_log":5,"minecraft:acacia_fence":2,"minecraft:sand":9,"minecraft:dirt":6,"minecraft:netherrack":543,"minecraft:oak_leaves":259,"minecraft:nether_gold_ore":36,"minecraft:diamond_ore":9,"minecraft:acacia_slab":12,"minecraft:cartography_table":1,"minecraft:sandstone":2,"minecraft:hay_block":18,"minecraft:furnace":5,"minecraft:nether_sprouts":2,"minecraft:andesite":37,"minecraft:bell":1,"minecraft:bookshelf":1,"minecraft:stone":354,"minecraft:bone_block":15,"minecraft:white_wool":1,"minecraft:acacia_leaves":10,"minecraft:glass_pane":1,"minecraft:soul_sand":4,"minecraft:crafting_table":3,"minecraft:warped_roots":3,"minecraft:tall_grass":16,"minecraft:lapis_ore":4,"minecraft:diorite":28,"minecraft:warped_wart_block":2,"minecraft:coal_ore":3,"minecraft:gravel":5,"minecraft:acacia_door":2,"minecraft:cobweb":23,"minecraft:chipped_anvil":2,"minecraft:gold_ore":7},"minecraft:killed":{"minecraft:cave_spider":6,"minecraft:spider":16,"minecraft:skeleton":25,"minecraft:chicken":7,"minecraft:magma_cube":33,"minecraft:pig":4,"minecraft:iron_golem":1,"minecraft:creeper":7,"minecraft:sheep":29,"minecraft:zombie":35,"minecraft:ghast":4,"minecraft:blaze":26,"minecraft:cow":12,"minecraft:enderman":30},"minecraft:custom":{"minecraft:interact_with_crafting_table":71,"minecraft:bell_ring":59,"minecraft:leave_game":8,"minecraft:time_since_death":177613,"minecraft:sprint_one_cm":797133,"minecraft:damage_blocked_by_shield":5155,"minecraft:drop":84,"minecraft:talked_to_villager":30,"minecraft:deaths":1,"minecraft:jump":5476,"minecraft:walk_on_water_one_cm":22653,"minecraft:enchant_item":16,"minecraft:interact_with_furnace":133,"minecraft:traded_with_villager":8,"minecraft:play_one_minute":222451,"minecraft:sleep_in_bed":6,"minecraft:damage_dealt":39262,"minecraft:crouch_one_cm":41173,"minecraft:mob_kills":235,"minecraft:interact_with_anvil":5,"minecraft:climb_one_cm":6885,"minecraft:walk_one_cm":503609,"minecraft:sneak_time":10265,"minecraft:walk_under_water_one_cm":29325,"minecraft:boat_one_cm":84679,"minecraft:time_since_rest":1057,"minecraft:damage_taken":6876,"minecraft:damage_absorbed":41,"minecraft:swim_one_cm":18013,"minecraft:fly_one_cm":1121533,"minecraft:open_chest":82,"minecraft:fall_one_cm":121330},"minecraft:dropped":{"minecraft:iron_sword":1,"minecraft:warped_fungus":3,"minecraft:cooked_beef":1,"minecraft:warped_roots":4,"minecraft:iron_horse_armor":1,"minecraft:saddle":4,"minecraft:dirt":1,"minecraft:iron_pickaxe":1,"minecraft:acacia_door":2,"minecraft:gold_ingot":12,"minecraft:gravel":10,"minecraft:blackstone":22,"minecraft:twisting_vines":1,"minecraft:obsidian":1,"minecraft:rotten_flesh":42,"minecraft:poppy":1,"minecraft:leather_chestplate":2,"minecraft:leather_leggings":3,"minecraft:iron_ore":1,"minecraft:warped_wart_block":2,"minecraft:crying_obsidian":3,"minecraft:netherrack":4,"minecraft:iron_ingot":1,"minecraft:wheat_seeds":11,"minecraft:poisonous_potato":4,"minecraft:oak_fence":8,"minecraft:feather":2,"minecraft:cobblestone":57,"minecraft:granite":26,"minecraft:stick":6,"minecraft:diorite":3,"minecraft:wooden_axe":2,"minecraft:string":1,"minecraft:anvil":1,"minecraft:bowl":1,"minecraft:flint_and_steel":1,"minecraft:andesite":33,"minecraft:stone_pressure_plate":1,"minecraft:spider_eye":4,"minecraft:birch_boat":1,"minecraft:stone_pickaxe":2,"minecraft:wooden_pickaxe":2}},"DataVersion":2586}