{"stats":{"minecraft:killed":{"minecraft:cat":1,"minecraft:spider":1,"minecraft:sheep":3,"minecraft:horse":1,"minecraft:zombie":1,"minecraft:chicken":3,"minecraft:cow":1},"minecraft:dropped":{"minecraft:cobblestone":4,"minecraft:stone_pickaxe":1},"minecraft:crafted":{"minecraft:cooked_beef":1,"minecraft:wooden_sword":1,"minecraft:oak_planks":16,"minecraft:crafting_table":2,"minecraft:iron_helmet":1,"minecraft:cooked_chicken":2,"minecraft:wooden_pickaxe":2,"minecraft:birch_boat":2,"minecraft:baked_potato":3,"minecraft:iron_sword":1,"minecraft:furnace":1,"minecraft:birch_planks":40,"minecraft:stone_axe":1,"minecraft:cooked_mutton":5,"minecraft:air":0,"minecraft:iron_boots":1,"minecraft:iron_chestplate":1,"minecraft:stick":20,"minecraft:iron_ingot":31,"minecraft:iron_pickaxe":1,"minecraft:stone_pickaxe":2,"minecraft:wooden_axe":1,"minecraft:stone_sword":1,"minecraft:iron_leggings":1,"minecraft:acacia_planks":40},"minecraft:custom":{"minecraft:interact_with_furnace":11,"minecraft:mob_kills":11,"minecraft:interact_with_crafting_table":11,"minecraft:play_one_minute":61168,"minecraft:leave_game":5,"minecraft:time_since_death":42508,"minecraft:sleep_in_bed":1,"minecraft:time_since_rest":8574,"minecraft:sprint_one_cm":104890,"minecraft:damage_taken":754,"minecraft:walk_one_cm":132303,"minecraft:drop":5,"minecraft:damage_dealt":1237,"minecraft:talked_to_villager":9,"minecraft:fly_one_cm":141516,"minecraft:open_chest":2,"minecraft:crouch_one_cm":1,"minecraft:deaths":1,"minecraft:sneak_time":60,"minecraft:walk_under_water_one_cm":6285,"minecraft:boat_one_cm":226850,"minecraft:jump":895,"minecraft:walk_on_water_one_cm":18992,"minecraft:fall_one_cm":21714},"minecraft:picked_up":{"minecraft:birch_log":10,"minecraft:leather_chestplate":1,"minecraft:crafting_table":4,"minecraft:feather":3,"minecraft:cooked_beef":1,"minecraft:chicken":3,"minecraft:brown_wool":1,"minecraft:leather":1,"minecraft:oak_log":4,"minecraft:dirt":8,"minecraft:string":3,"minecraft:red_bed":2,"minecraft:acacia_planks":3,"minecraft:wheat_seeds":6,"minecraft:stone_pickaxe":1,"minecraft:beef":1,"minecraft:iron_ore":32,"minecraft:sugar_cane":9,"minecraft:birch_sapling":1,"minecraft:egg":2,"minecraft:furnace":6,"minecraft:birch_boat":1,"minecraft:acacia_log":10,"minecraft:sand":3,"minecraft:diorite":2,"minecraft:spider_eye":1,"minecraft:rotten_flesh":2,"minecraft:oak_sapling":3,"minecraft:melon_seeds":4,"minecraft:mutton":5,"minecraft:coal":47,"minecraft:white_wool":2,"minecraft:cobblestone":62},"minecraft:used":{"minecraft:cooked_mutton":5,"minecraft:stone_sword":84,"minecraft:birch_planks":1,"minecraft:stone_pickaxe":116,"minecraft:baked_potato":2,"minecraft:birch_boat":2,"minecraft:wooden_pickaxe":47,"minecraft:cooked_chicken":1,"minecraft:crafting_table":5,"minecraft:red_bed":1,"minecraft:wooden_axe":18,"minecraft:stone_axe":4,"minecraft:wooden_sword":12,"minecraft:cobblestone":21,"minecraft:furnace":5,"minecraft:cooked_beef":1,"minecraft:acacia_planks":3},"minecraft:killed_by":{"minecraft:zombie":1},"minecraft:mined":{"minecraft:acacia_leaves":1,"minecraft:red_bed":2,"minecraft:crafting_table":4,"minecraft:acacia_log":10,"minecraft:grass_block":3,"minecraft:cobblestone":1,"minecraft:tall_grass":6,"minecraft:sugar_cane":6,"minecraft:diorite":2,"minecraft:furnace":6,"minecraft:birch_log":10,"minecraft:iron_ore":31,"minecraft:birch_leaves":1,"minecraft:grass":30,"minecraft:coal_ore":47,"minecraft:oak_log":4,"minecraft:sand":3,"minecraft:dirt":5,"minecraft:acacia_planks":3,"minecraft:stone":64,"minecraft:oak_leaves":44}},"DataVersion":2586}