{"stats":{"minecraft:killed":{"minecraft:pig":3,"minecraft:sheep":5,"minecraft:skeleton":2,"minecraft:zombie":1,"minecraft:chicken":2,"minecraft:cow":3},"minecraft:dropped":{"minecraft:gravel":22,"minecraft:soul_sand":7,"minecraft:wheat_seeds":4,"minecraft:nether_brick":4,"minecraft:chicken":4,"minecraft:feather":2,"minecraft:rotten_flesh":1,"minecraft:wooden_axe":1,"minecraft:andesite":4,"minecraft:oak_sapling":1,"minecraft:wooden_shovel":1,"minecraft:gold_nugget":4,"minecraft:wooden_pickaxe":1,"minecraft:quartz":2,"minecraft:gold_ingot":37,"minecraft:bone":1},"minecraft:crafted":{"minecraft:cooked_beef":7,"minecraft:oak_planks":20,"minecraft:wooden_shovel":1,"minecraft:cooked_porkchop":8,"minecraft:crafting_table":4,"minecraft:wooden_pickaxe":1,"minecraft:iron_helmet":1,"minecraft:iron_sword":1,"minecraft:furnace":5,"minecraft:bucket":2,"minecraft:stone_axe":1,"minecraft:cooked_mutton":7,"minecraft:air":0,"minecraft:flint_and_steel":2,"minecraft:quartz_block":6,"minecraft:oak_boat":1,"minecraft:iron_chestplate":1,"minecraft:shield":1,"minecraft:stick":16,"minecraft:iron_ingot":54,"minecraft:iron_pickaxe":1,"minecraft:stone_pickaxe":1,"minecraft:wooden_axe":1,"minecraft:stone_sword":1,"minecraft:chest":2,"minecraft:gold_ingot":38,"minecraft:iron_leggings":1,"minecraft:white_bed":1,"minecraft:acacia_planks":56,"minecraft:torch":12,"minecraft:golden_boots":1},"minecraft:custom":{"minecraft:interact_with_furnace":56,"minecraft:mob_kills":16,"minecraft:interact_with_crafting_table":15,"minecraft:play_one_minute":52762,"minecraft:leave_game":2,"minecraft:time_since_death":52762,"minecraft:sleep_in_bed":2,"minecraft:time_since_rest":17,"minecraft:sprint_one_cm":51716,"minecraft:damage_taken":328,"minecraft:walk_one_cm":99036,"minecraft:drop":57,"minecraft:damage_dealt":1854,"minecraft:fly_one_cm":126067,"minecraft:open_chest":8,"minecraft:crouch_one_cm":2379,"minecraft:sneak_time":1394,"minecraft:walk_under_water_one_cm":243,"minecraft:boat_one_cm":50677,"minecraft:jump":889,"minecraft:walk_on_water_one_cm":5657,"minecraft:fall_one_cm":21754},"minecraft:picked_up":{"minecraft:crafting_table":2,"minecraft:feather":2,"minecraft:chicken":4,"minecraft:andesite":9,"minecraft:leather":2,"minecraft:potion":2,"minecraft:flint":3,"minecraft:nether_brick":11,"minecraft:oak_log":5,"minecraft:dirt":11,"minecraft:string":7,"minecraft:bone":1,"minecraft:blackstone":21,"minecraft:acacia_planks":47,"minecraft:bow":1,"minecraft:wheat_seeds":4,"minecraft:gold_nugget":370,"minecraft:beef":7,"minecraft:oak_boat":1,"minecraft:iron_ore":54,"minecraft:iron_nugget":18,"minecraft:light_gray_wool":1,"minecraft:sugar_cane":8,"minecraft:soul_sand":21,"minecraft:iron_boots":3,"minecraft:egg":1,"minecraft:stick":1,"minecraft:quartz":26,"minecraft:acacia_log":14,"minecraft:gravel":59,"minecraft:fire_charge":2,"minecraft:porkchop":8,"minecraft:crying_obsidian":8,"minecraft:spectral_arrow":62,"minecraft:arrow":3,"minecraft:rotten_flesh":1,"minecraft:granite":1,"minecraft:gold_ingot":3,"minecraft:oak_sapling":2,"minecraft:netherrack":23,"minecraft:mutton":7,"minecraft:coal":24,"minecraft:white_wool":4,"minecraft:cobblestone":206,"minecraft:ender_pearl":3},"minecraft:used":{"minecraft:water_bucket":13,"minecraft:stone_sword":7,"minecraft:flint_and_steel":1,"minecraft:stone_pickaxe":131,"minecraft:blackstone":21,"minecraft:chest":2,"minecraft:wooden_pickaxe":19,"minecraft:iron_sword":15,"minecraft:wooden_shovel":25,"minecraft:white_wool":1,"minecraft:torch":6,"minecraft:soul_sand":14,"minecraft:dirt":8,"minecraft:crafting_table":6,"minecraft:white_bed":1,"minecraft:granite":1,"minecraft:wooden_axe":7,"minecraft:lava_bucket":11,"minecraft:crying_obsidian":8,"minecraft:iron_pickaxe":254,"minecraft:quartz_block":6,"minecraft:gravel":37,"minecraft:light_gray_wool":1,"minecraft:stone_axe":64,"minecraft:cobblestone":75,"minecraft:oak_sapling":1,"minecraft:furnace":5,"minecraft:cooked_porkchop":1,"minecraft:andesite":5,"minecraft:bucket":25,"minecraft:oak_boat":1,"minecraft:egg":1,"minecraft:cooked_beef":4,"minecraft:acacia_planks":19},"minecraft:mined":{"minecraft:nether_gold_ore":89,"minecraft:acacia_leaves":1,"minecraft:crafting_table":2,"minecraft:granite":1,"minecraft:acacia_log":15,"minecraft:grass_block":2,"minecraft:tall_grass":5,"minecraft:cobblestone":19,"minecraft:sugar_cane":4,"minecraft:iron_ore":54,"minecraft:fire":6,"minecraft:andesite":6,"minecraft:grass":9,"minecraft:coal_ore":24,"minecraft:oak_log":5,"minecraft:gravel":24,"minecraft:dirt":9,"minecraft:acacia_planks":10,"minecraft:stone":187,"minecraft:netherrack":17,"minecraft:oak_leaves":4},"minecraft:broken":{"minecraft:stone_pickaxe":1,"minecraft:iron_pickaxe":1}},"DataVersion":2586}