{"stats":{"minecraft:killed":{"minecraft:pig":3,"minecraft:skeleton":1,"minecraft:zombie":1,"minecraft:donkey":1,"minecraft:cow":6},"minecraft:dropped":{"minecraft:wheat_seeds":5,"minecraft:saddle":1,"minecraft:wooden_shovel":1,"minecraft:sand":10},"minecraft:crafted":{"minecraft:cooked_beef":12,"minecraft:oak_planks":28,"minecraft:wooden_shovel":1,"minecraft:cooked_porkchop":6,"minecraft:crafting_table":3,"minecraft:wooden_pickaxe":1,"minecraft:iron_sword":1,"minecraft:furnace":2,"minecraft:bread":93,"minecraft:air":0,"minecraft:oak_boat":2,"minecraft:iron_chestplate":1,"minecraft:iron_axe":1,"minecraft:stick":28,"minecraft:iron_ingot":34,"minecraft:iron_pickaxe":2,"minecraft:stone_pickaxe":1,"minecraft:chest":2,"minecraft:iron_leggings":1,"minecraft:acacia_planks":68,"minecraft:torch":8,"minecraft:golden_boots":1,"minecraft:wheat":279},"minecraft:custom":{"minecraft:interact_with_furnace":17,"minecraft:mob_kills":12,"minecraft:interact_with_crafting_table":16,"minecraft:play_one_minute":51256,"minecraft:leave_game":5,"minecraft:time_since_death":46907,"minecraft:sleep_in_bed":1,"minecraft:time_since_rest":22975,"minecraft:sprint_one_cm":58272,"minecraft:damage_taken":960,"minecraft:walk_one_cm":83400,"minecraft:drop":8,"minecraft:damage_dealt":2220,"minecraft:swim_one_cm":28310,"minecraft:talked_to_villager":5,"minecraft:fly_one_cm":119746,"minecraft:open_chest":16,"minecraft:crouch_one_cm":25005,"minecraft:deaths":1,"minecraft:sneak_time":9477,"minecraft:walk_under_water_one_cm":2386,"minecraft:boat_one_cm":184238,"minecraft:jump":785,"minecraft:interact_with_blast_furnace":10,"minecraft:walk_on_water_one_cm":10601,"minecraft:fall_one_cm":15637},"minecraft:picked_up":{"minecraft:crafting_table":4,"minecraft:lilac":1,"minecraft:andesite":25,"minecraft:leather":9,"minecraft:flint":1,"minecraft:oak_log":7,"minecraft:lapis_lazuli":55,"minecraft:dirt":19,"minecraft:red_bed":1,"minecraft:bone":4,"minecraft:wheat_seeds":5,"minecraft:grindstone":1,"minecraft:beef":13,"minecraft:oak_boat":1,"minecraft:iron_ore":75,"minecraft:sugar_cane":3,"minecraft:melon_slice":42,"minecraft:furnace":3,"minecraft:stick":1,"minecraft:gravel":4,"minecraft:acacia_log":17,"minecraft:porkchop":6,"minecraft:sand":22,"minecraft:blast_furnace":3,"minecraft:diorite":13,"minecraft:redstone":2,"minecraft:arrow":4,"minecraft:diamond":14,"minecraft:hay_block":31,"minecraft:granite":1,"minecraft:oak_sapling":2,"minecraft:coal":74,"minecraft:cobblestone":331},"minecraft:used":{"minecraft:diorite":4,"minecraft:stone_pickaxe":14,"minecraft:chest":2,"minecraft:wooden_pickaxe":3,"minecraft:iron_sword":65,"minecraft:wooden_shovel":22,"minecraft:rotten_flesh":11,"minecraft:torch":4,"minecraft:dirt":19,"minecraft:sand":21,"minecraft:crafting_table":6,"minecraft:blast_furnace":3,"minecraft:iron_pickaxe":500,"minecraft:iron_axe":77,"minecraft:bread":3,"minecraft:melon_slice":10,"minecraft:map":2,"minecraft:gravel":1,"minecraft:lilac":1,"minecraft:cobblestone":40,"minecraft:beef":1,"minecraft:oak_sapling":2,"minecraft:furnace":4,"minecraft:cooked_porkchop":1,"minecraft:andesite":6,"minecraft:oak_boat":2,"minecraft:cooked_beef":1},"minecraft:killed_by":{"minecraft:drowned":1},"minecraft:mined":{"minecraft:diamond_ore":14,"minecraft:acacia_leaves":1,"minecraft:red_bed":1,"minecraft:crafting_table":4,"minecraft:granite":1,"minecraft:acacia_log":18,"minecraft:blast_furnace":3,"minecraft:grass_block":6,"minecraft:melon":9,"minecraft:tall_grass":4,"minecraft:lapis_ore":8,"minecraft:grindstone":1,"minecraft:sugar_cane":1,"minecraft:diorite":13,"minecraft:hay_block":31,"minecraft:furnace":3,"minecraft:iron_ore":59,"minecraft:andesite":25,"minecraft:grass_path":1,"minecraft:grass":21,"minecraft:oak_log":7,"minecraft:coal_ore":44,"minecraft:gravel":5,"minecraft:dirt":12,"minecraft:sand":22,"minecraft:stone":329,"minecraft:oak_leaves":2},"minecraft:broken":{"minecraft:iron_pickaxe":1}},"DataVersion":2586}